sku,商品链接
10020533052224,https://item.jd.com/10020533052224.html
10028106254151,https://item.jd.com/10028106254151.html
10033100612818,https://item.jd.com/10033100612818.html
10033122571905,https://item.jd.com/10033122571905.html
10037503456560,https://item.jd.com/10037503456560.html
10037731968149,https://item.jd.com/10037731968149.html
10037735360643,https://item.jd.com/10037735360643.html
10037736052080,https://item.jd.com/10037736052080.html
10037739999429,https://item.jd.com/10037739999429.html
10037740541776,https://item.jd.com/10037740541776.html
10037745221701,https://item.jd.com/10037745221701.html
10037746855720,https://item.jd.com/10037746855720.html
10037747918164,https://item.jd.com/10037747918164.html
10037770253101,https://item.jd.com/10037770253101.html
10037770968076,https://item.jd.com/10037770968076.html
10037771838876,https://item.jd.com/10037771838876.html
10037772567992,https://item.jd.com/10037772567992.html
10037775742340,https://item.jd.com/10037775742340.html
10037781613280,https://item.jd.com/10037781613280.html
10038570085689,https://item.jd.com/10038570085689.html
10043810330837,https://item.jd.com/10043810330837.html
10050064463537,https://item.jd.com/10050064463537.html
10052283022265,https://item.jd.com/10052283022265.html
10052438597572,https://item.jd.com/10052438597572.html
10053398453164,https://item.jd.com/10053398453164.html
10053468387161,https://item.jd.com/10053468387161.html
10059368537112,https://item.jd.com/10059368537112.html
10063310269837,https://item.jd.com/10063310269837.html
10063312466399,https://item.jd.com/10063312466399.html
10068795045119,https://item.jd.com/10068795045119.html
10068810870929,https://item.jd.com/10068810870929.html
10068813071380,https://item.jd.com/10068813071380.html
10068819139180,https://item.jd.com/10068819139180.html
10068819453553,https://item.jd.com/10068819453553.html
10068820685430,https://item.jd.com/10068820685430.html
10068871495978,https://item.jd.com/10068871495978.html
10068878141018,https://item.jd.com/10068878141018.html
10074136228275,https://item.jd.com/10074136228275.html
10075242255345,https://item.jd.com/10075242255345.html
10075242604780,https://item.jd.com/10075242604780.html
10075823059768,https://item.jd.com/10075823059768.html
10076972082666,https://item.jd.com/10076972082666.html
10081592030607,https://item.jd.com/10081592030607.html
10081593374782,https://item.jd.com/10081593374782.html
10081593986908,https://item.jd.com/10081593986908.html
10081593986909,https://item.jd.com/10081593986909.html
10088544746645,https://item.jd.com/10088544746645.html
10089073036320,https://item.jd.com/10089073036320.html
10089079371894,https://item.jd.com/10089079371894.html
10101719389301,https://item.jd.com/10101719389301.html
10103199363384,https://item.jd.com/10103199363384.html
10103199363385,https://item.jd.com/10103199363385.html
10103199363386,https://item.jd.com/10103199363386.html
10104369268665,https://item.jd.com/10104369268665.html
10104369268666,https://item.jd.com/10104369268666.html
10104369268668,https://item.jd.com/10104369268668.html
10104369268669,https://item.jd.com/10104369268669.html
10104453787785,https://item.jd.com/10104453787785.html
10104453787786,https://item.jd.com/10104453787786.html
10104453787788,https://item.jd.com/10104453787788.html
10104557481678,https://item.jd.com/10104557481678.html
10104576107109,https://item.jd.com/10104576107109.html
10106313510789,https://item.jd.com/10106313510789.html
10106496497880,https://item.jd.com/10106496497880.html
10106899376693,https://item.jd.com/10106899376693.html
10106899376694,https://item.jd.com/10106899376694.html
10113613029938,https://item.jd.com/10113613029938.html
10113617938605,https://item.jd.com/10113617938605.html
10114219812146,https://item.jd.com/10114219812146.html
10114722717560,https://item.jd.com/10114722717560.html
10120185106114,https://item.jd.com/10120185106114.html
10120488503296,https://item.jd.com/10120488503296.html
10120488503297,https://item.jd.com/10120488503297.html
10120630541339,https://item.jd.com/10120630541339.html
10120632041181,https://item.jd.com/10120632041181.html
10120633584486,https://item.jd.com/10120633584486.html
10127072696310,https://item.jd.com/10127072696310.html
10127258724574,https://item.jd.com/10127258724574.html
10132448193425,https://item.jd.com/10132448193425.html
10132655957195,https://item.jd.com/10132655957195.html
10132655957196,https://item.jd.com/10132655957196.html
10132660652978,https://item.jd.com/10132660652978.html
10133428619354,https://item.jd.com/10133428619354.html
10134601063549,https://item.jd.com/10134601063549.html
10136148875603,https://item.jd.com/10136148875603.html
10136835906945,https://item.jd.com/10136835906945.html
10136858291957,https://item.jd.com/10136858291957.html
10136858291958,https://item.jd.com/10136858291958.html
10138501658929,https://item.jd.com/10138501658929.html
10140217646126,https://item.jd.com/10140217646126.html
10140890044904,https://item.jd.com/10140890044904.html
10147028536455,https://item.jd.com/10147028536455.html
10147066519611,https://item.jd.com/10147066519611.html
10147066677310,https://item.jd.com/10147066677310.html
10149426128306,https://item.jd.com/10149426128306.html
10150937961490,https://item.jd.com/10150937961490.html
10150937961491,https://item.jd.com/10150937961491.html
10150943499715,https://item.jd.com/10150943499715.html
10157388407570,https://item.jd.com/10157388407570.html
10157388407571,https://item.jd.com/10157388407571.html
10161178672327,https://item.jd.com/10161178672327.html
10165774322642,https://item.jd.com/10165774322642.html
10168151351315,https://item.jd.com/10168151351315.html
10169883738187,https://item.jd.com/10169883738187.html
10170870298196,https://item.jd.com/10170870298196.html
10173200455457,https://item.jd.com/10173200455457.html
10175646195756,https://item.jd.com/10175646195756.html
10176498181459,https://item.jd.com/10176498181459.html
10176499572786,https://item.jd.com/10176499572786.html
10177651614726,https://item.jd.com/10177651614726.html
10178359688157,https://item.jd.com/10178359688157.html
10178903222490,https://item.jd.com/10178903222490.html
10178903222491,https://item.jd.com/10178903222491.html
10178903222492,https://item.jd.com/10178903222492.html
10184735368257,https://item.jd.com/10184735368257.html
10184997502768,https://item.jd.com/10184997502768.html
10184997502769,https://item.jd.com/10184997502769.html
10185002868964,https://item.jd.com/10185002868964.html
10185006389599,https://item.jd.com/10185006389599.html
10185824725302,https://item.jd.com/10185824725302.html
10185824725303,https://item.jd.com/10185824725303.html
10187027225711,https://item.jd.com/10187027225711.html
10187035542810,https://item.jd.com/10187035542810.html
10191163158543,https://item.jd.com/10191163158543.html
10191165462679,https://item.jd.com/10191165462679.html
10191171554141,https://item.jd.com/10191171554141.html
10191172032523,https://item.jd.com/10191172032523.html
10191944708697,https://item.jd.com/10191944708697.html
10195041999233,https://item.jd.com/10195041999233.html
10197097095189,https://item.jd.com/10197097095189.html
10198075744174,https://item.jd.com/10198075744174.html
10198075744175,https://item.jd.com/10198075744175.html
10198087419679,https://item.jd.com/10198087419679.html
10200241639398,https://item.jd.com/10200241639398.html
10200807341031,https://item.jd.com/10200807341031.html
10201814190531,https://item.jd.com/10201814190531.html
10202327332578,https://item.jd.com/10202327332578.html
10202327332579,https://item.jd.com/10202327332579.html
10206544857893,https://item.jd.com/10206544857893.html
10206545845639,https://item.jd.com/10206545845639.html
10207561824775,https://item.jd.com/10207561824775.html
10208001477656,https://item.jd.com/10208001477656.html
10209454925803,https://item.jd.com/10209454925803.html
10210773752006,https://item.jd.com/10210773752006.html
10211476112351,https://item.jd.com/10211476112351.html
10211476452810,https://item.jd.com/10211476452810.html
10211587287220,https://item.jd.com/10211587287220.html
10212110700548,https://item.jd.com/10212110700548.html
10212192823108,https://item.jd.com/10212192823108.html
10212205942518,https://item.jd.com/10212205942518.html
10212205942519,https://item.jd.com/10212205942519.html
10212206877400,https://item.jd.com/10212206877400.html
10212243399345,https://item.jd.com/10212243399345.html
10213541881101,https://item.jd.com/10213541881101.html
10214530005051,https://item.jd.com/10214530005051.html
10214532709863,https://item.jd.com/10214532709863.html
10214533350507,https://item.jd.com/10214533350507.html
10215326602373,https://item.jd.com/10215326602373.html
10215326602374,https://item.jd.com/10215326602374.html
10221708391788,https://item.jd.com/10221708391788.html
10227192140692,https://item.jd.com/10227192140692.html
10227444792858,https://item.jd.com/10227444792858.html
10228606518272,https://item.jd.com/10228606518272.html
10228606518273,https://item.jd.com/10228606518273.html
10229298569185,https://item.jd.com/10229298569185.html
10231062386991,https://item.jd.com/10231062386991.html
10231062386992,https://item.jd.com/10231062386992.html
10231250060847,https://item.jd.com/10231250060847.html
10232772956346,https://item.jd.com/10232772956346.html
1974715881,https://item.jd.com/1974715881.html
1974723350,https://item.jd.com/1974723350.html
1974723742,https://item.jd.com/1974723742.html
1974724449,https://item.jd.com/1974724449.html
1974730204,https://item.jd.com/1974730204.html
1974731277,https://item.jd.com/1974731277.html
1974731475,https://item.jd.com/1974731475.html
1974732355,https://item.jd.com/1974732355.html
1974732394,https://item.jd.com/1974732394.html
1974733964,https://item.jd.com/1974733964.html
1974735923,https://item.jd.com/1974735923.html
1974737529,https://item.jd.com/1974737529.html
1974739208,https://item.jd.com/1974739208.html
1974739564,https://item.jd.com/1974739564.html
1974743238,https://item.jd.com/1974743238.html
1974746127,https://item.jd.com/1974746127.html
1974765081,https://item.jd.com/1974765081.html
1975017386,https://item.jd.com/1975017386.html
1992359573,https://item.jd.com/1992359573.html
1992975218,https://item.jd.com/1992975218.html
1992975219,https://item.jd.com/1992975219.html
41317803811,https://item.jd.com/41317803811.html
47929581153,https://item.jd.com/47929581153.html
53629852833,https://item.jd.com/53629852833.html
60492849373,https://item.jd.com/60492849373.html
60494235126,https://item.jd.com/60494235126.html
68128140843,https://item.jd.com/68128140843.html
