sku,商品名称,产品规格,好评数量,价格
10020533052224,奥适宝进口生物素生发维生素b族胶囊 防脱发复合维生素b6胱氨酸片生发片 【滋养毛囊】深层护发防脱 60粒*1盒,【滋养毛囊】深层护发防脱 60粒*1盒:¥274.18、【固发育发】头皮营养育发液 1瓶*1盒:¥432.18,买家评价(200+),¥274.18、¥432.18
10028106254151,奥适宝（ORTHOMOL）德国进口孕妇DHA黄金素3天装孕期综合营养复合维生素女士备孕叶酸 【孕期自护力】孕期全能营养 3袋*1盒,【孕期自护力】孕期全能营养 3袋*1盒:¥31.08,买家评价(200+),¥31.08
10033100612818,奥适宝德国进口维D钙喷雾维生素D3K2 骨骼健康骨质疏松便携喷雾 【1盒提升装】补钙喷雾 高效吸收 1瓶*1盒,【1盒提升装】补钙喷雾 高效吸收 1瓶*1盒:¥196.18、【3盒巩固装】周期补充 全家适用 1瓶*3盒:¥515.28,买家评价(1000+),¥196.18、¥515.28
10033122571905,奥适宝（ORTHOMOL）进口活性叶酸女性备孕维生素 孕妇维生素b800ug叶酸片q10辅酶备孕 【囤货推荐共90天】女士备孕活性叶酸 30粒*3盒,【囤货推荐共90天】女士备孕活性叶酸 30粒*3盒:¥618.18,买家评价(200+),¥618.18
10037503456560,奥适宝德国进口产后月子营养品 补钙补铁复合维生素产后营养哺乳期钙片 【30天月子营养全】1盒基础营养 30袋*1盒,【30天月子营养全】1盒基础营养 30袋*1盒:¥344.08、【7天试用装】母婴同补冲剂 7袋*1盒无货:¥120.18、【90天产后恢复好】3盒巩固强化 30袋*3盒:¥1156.18、【产后补铁】产后营养30袋*1盒+补铁胶囊 60粒*1盒:¥607.18,买家评价(2000+),¥344.08、¥120.18、¥1156.18、¥607.18
10037731968149,奥适宝（ORTHOMOL）进口叶酸备孕女性活性叶酸备孕 孕妇复合维生素q10辅酶备孕叶酸片 【一盒装】备孕活性叶酸 30粒*1盒,【一盒装】备孕活性叶酸 30粒*1盒:¥183.08、【2盒装】备孕活性叶酸 30粒*2盒:¥407.18、【夫妻备孕】男叶酸30袋*1盒+女叶酸 30粒*1盒:¥683.18、【夫妻备孕】男叶酸30袋*2盒+女叶酸 30粒*2盒:¥1281.18,买家评价(2000+),¥183.08、¥407.18、¥683.18、¥1281.18
10037735360643,奥适宝德国beauty胶原蛋白肽口服液女士复合维生素保健品美容养颜营养品 【欧洲专利】女士胶原蛋白肽口服液 30瓶*2盒,【欧洲专利】女士胶原蛋白肽口服液 30瓶*2盒:¥1588.18,买家评价(79),¥1588.18
10037736052080,奥适宝（ORTHOMOL）德国进口备孕叶酸套装 夫妻备孕复合维生素男士精子活力番茄红素 【夫妻同补】女士款30袋*1盒+男士款 30袋*1盒,【夫妻同补】女士款30袋*1盒+男士款 30袋*1盒:¥827.18,买家评价(100+),¥827.18
10037739999429,奥适宝（ORTHOMOL）德国进口孕妇DHA营养包 孕期综合维生素片剂叶酸益生菌补钙黄金素 【孕期自护力】孕期全能营养 30袋*3盒,【孕期自护力】孕期全能营养 30袋*3盒:¥1186.18,买家评价(200+),¥1186.18
10037740541776,奥适宝（ORTHOMOL）德国进口DHA孕妇黄金素 活性叶酸益生菌补钙片补铁备孕孕期维生素 【优孕装】孕期全能营养 30袋*2盒,【优孕装】孕期全能营养 30袋*2盒:¥801.18、【6天试用装】孕期全能营养素 6袋*1盒无货:¥62.18,买家评价(500+),¥801.18、¥62.18
10037745221701,奥适宝德国进口产后月子营养品 哺乳期补钙补铁复合维生素叶酸DHA益生菌 【产后营养装】母婴同补冲剂 30袋*2盒,【产后营养装】母婴同补冲剂 30袋*2盒:¥741.18,买家评价(200+),¥741.18
10037746855720,奥适宝flavon m德国进口番茄红素胶囊男性保健品男士复合维生素男人补品 【德国断货王】男士加油营养包 30袋*2盒,【德国断货王】男士加油营养包 30袋*2盒:¥824.18,买家评价(73),¥824.18
10037747918164,奥适宝（ORTHOMOL）德国进口BM男士胶原蛋白肽口服液男士复合维生素保健品多种维生素 【90天肌肤活力】男士胶原蛋白 30瓶*3盒,【90天肌肤活力】男士胶原蛋白 30瓶*3盒:¥2274.18,买家评价(64),¥2274.18
10037770253101,奥适宝德国immun免疫瓶复合维生素补充免疫力抵抗力男士女士多种维生素 【口服液款2盒装】成人免疫营养口服液 30瓶*2盒,【片剂款单盒装】成人免疫营养包 30袋*1盒:¥478.18、【口服液款单盒装】成人免疫营养口服液 30瓶*1盒:¥478.18、【3天装口服液款】IM成人免疫口服液 1瓶*3支无货:¥478.18、【片剂款2盒装】成人免疫营养包 30袋*2盒:¥478.18、【6天装口溶粉】成人免疫营养口溶粉 6袋*1包无货:¥478.18、【口服液款2盒装】成人免疫营养口服液 30瓶*2盒:¥478.18、【1天装口服液款】IM成人免疫口服液 1瓶*1支无货:¥478.18,买家评价(2000+),¥478.18、¥478.18、¥478.18、¥478.18、¥478.18、¥478.18、¥478.18
10037770968076,奥适宝德国icare优乐康术后恢复营养品补充免疫力病人营养品放化疗适用 【德国断货王】术后营养冲剂 30袋*2盒,【德国断货王】术后营养冲剂 30袋*2盒:¥950.18,买家评价(99),¥950.18
10037771838876,奥适宝德国进口男士复合维生素成人免疫力营养包男性保健品多种维生素b 【2盒装】低糖便携片剂款 30袋*2盒,【1盒装】低糖便携片剂款 30袋*1盒:¥468.18、【1盒装】易吸收口服液款 30瓶*1盒:¥602.18、【1盒装】味道好入口冲剂款 30袋*1盒无货:¥602.18、【2盒装】易吸收口服液款 30瓶*2盒:¥1046.18、【3天尝新装】低糖便携片剂款 3袋*1包无货:¥1046.18、【2盒装】低糖便携片剂款 30袋*2盒:、,买家评价(500+),¥468.18、¥602.18、¥602.18、¥1046.18、¥1046.18、、
10037772567992,奥适宝德国进口VF女士营养包女士复合维生素女性维生素b成人免疫力补充 【两盒60天装】低糖便携片剂 30袋*2盒,【一盒30天装】低糖便携片剂 30袋*1盒:¥485.03、【两盒60天装】低糖便携片剂 30袋*2盒:¥943.03、【一盒30天装】易吸收口服液款 30瓶*1盒:¥584.03、【两盒60天装】易吸收口服液 30瓶*2盒:¥1085.03、【一盒30天装】味道好入口冲剂 30袋*1盒无货:¥515.03、【3天装】低糖便携片剂 3袋*1包:¥84.03、【3天装】易吸收口服液 3瓶*1包无货:¥84、【达人推荐-女士款单盒装】Vital F口服液 30瓶*1盒:¥595.03、【达人推荐-男士款单盒装】Vital M口服液 30瓶*1盒:¥610.03、【达人推荐-女士款两盒装】Vital F口服液 30瓶*2盒:¥1127.03、【达人推荐-男士款两盒装】Vital M口服液 30瓶*2盒:¥1055.03,买家评价(1000+),¥485.03、¥943.03、¥584.03、¥1085.03、¥515.03、¥84.03、¥84、¥595.03、¥610.03、¥1127.03、¥1055.03
10037775742340,奥适宝成人护眼中老年人叶黄素飞蚊症白内障干眼症玻璃体视网膜视力保护 【德国热销】成人护眼叶黄素 120粒*2盒,【德国热销】成人护眼叶黄素 120粒*2盒:¥834.03,买家评价(100+),¥834.03
10037781613280,奥适宝进口番茄红素叶酸男士备孕营养精子质量生精男性备孕维生素保健品 【科学备孕】男士叶酸番茄红素 30袋*2盒,【科学备孕】男士叶酸番茄红素 30袋*2盒:¥881.03,买家评价(69),¥881.03
10038570085689,奥适宝（ORTHOMOL）德国进口叶酸男士女士备孕复合维生素番茄红素活性叶酸片孕前补充 【科学备孕】精子营养30袋*1盒+女性备孕叶酸 30粒*1盒,【科学备孕】精子营养30袋*1盒+女性备孕叶酸 30粒*1盒:¥690.03,买家评价(200+),¥690.03
10043810330837,奥适宝（ORTHOMOL）德国进口1mg褪黑素成人女性男士退黑素助睡眠蓝莓味晚安糖睡眠片 晚安糖1盒装 30袋*1盒,晚安糖1盒装 30袋*1盒:¥182.78、晚安糖2盒装 30袋*2盒:¥309.73、晚安糖3天试用装 3袋*1包无货:¥26.93,买家评价(200+),¥182.78、¥309.73、¥26.93
10050064463537,奥适宝（ORTHOMOL）好孕盒natal德国进口复合维生素孕妇dha叶酸备孕孕期营养品补钙片 【30天基础守护】孕期全能营养 30袋*1盒,【30天基础守护】孕期全能营养 30袋*1盒:¥443.03、【7天试用尝新】孕期全能营养 7袋*1盒无货:¥105.03、【剂型新升级】孕期全能营养口溶粉 30袋*1盒:¥105.03,买家评价(5000+),¥443.03、¥105.03、¥105.03
10052283022265,奥适宝（ORTHOMOL）进口叶酸备孕女性活性叶酸备孕 孕妇复合维生素q10辅酶备孕叶酸片 【2盒装】备孕活性叶酸 30粒*2盒,【一盒装】备孕活性叶酸 30粒*1盒:¥188.93、【2盒装】备孕活性叶酸 30粒*2盒:¥413.03、【夫妻备孕】男叶酸30袋*1盒+女叶酸 30粒*1盒:¥689.03、【夫妻备孕】男叶酸30袋*2盒+女叶酸 30粒*2盒:¥1287.03,买家评价(2000+),¥188.93、¥413.03、¥689.03、¥1287.03
10052438597572,奥适宝德国进口儿童复合维生素补钙VD补锌儿童维生素d汽车糖儿童钙镁锌 【儿童免疫好】莓子味汽车糖 30袋*1盒,【14包尝鲜装】双口味汽车糖 14袋*1盒:¥184.03、【儿童体质好】柑橘味汽车糖 30袋*1盒:¥408.93、【儿童免疫好】莓子味汽车糖 30袋*1盒:¥376.93、【免疫口溶粉】推荐学龄儿童 30袋*1盒:¥376.83、【DHA益智】Omega小状元鱼油 90粒*1盒:¥560.03、维生素30袋1盒+鱼油90粒1盒+益生菌 30粒*1盒无货:¥1207.03、【全家健康】成人款30瓶1盒+儿童款 30袋*1盒:¥758.03、【2盒更划算】柑橘味汽车糖 30袋*2盒:¥838.93、【2盒更划算】Omega儿童鱼油脑黄金 90粒*2盒:¥1066.03、【2盒更划算】莓子味汽车糖 30袋*2盒:¥829.03、【青少年免疫】青春期营养条 30袋*2盒:¥769.03,买家评价(1万+),¥184.03、¥408.93、¥376.93、¥376.83、¥560.03、¥1207.03、¥758.03、¥838.93、¥1066.03、¥829.03、¥769.03
10053398453164,奥适宝（ORTHOMOL）德国进口DHA孕妇黄金素 活性叶酸益生菌补钙片补铁备孕孕期维生素 【6天试用装】孕期全能营养素 6袋*1盒,【优孕装】孕期全能营养 30袋*2盒:、,买家评价(500+),、
10053468387161,奥适宝（ORTHOMOL）德国进口 儿童钙镁锌复合维生素 身体防御力儿童成长营养素 【莓子味2盒装】儿童复合维生素 30袋*2盒,【柑橘味30天装】儿童复合维生素 30袋*1盒:¥387.08、【6天试用尝新】儿童汽车糖双味装 6袋*1包:¥70.98、【柑橘味2盒装】儿童复合维生素 30袋*2盒:¥758.18、【莓子味2盒装】儿童复合维生素 30袋*2盒:¥818.18、【橘子柠檬味2瓶装】儿童骨骼营养喷雾 1瓶*2盒:¥300.18、【12天体验装】儿童复合维生素 6袋*2包无货:¥101.18,买家评价(5000+),¥387.08、¥70.98、¥758.18、¥818.18、¥300.18、¥101.18
10063310269837,奥适宝德国进口男士复合维生素成人免疫力营养包男性保健品多种维生素b 【2盒装】易吸收口服液款 30瓶*2盒,【1盒装】低糖便携片剂款 30袋*1盒:¥468.18、【1盒装】易吸收口服液款 30瓶*1盒:¥602.18、【1盒装】味道好入口冲剂款 30袋*1盒无货:、、、、,买家评价(500+),¥468.18、¥602.18、、、、、
10063312466399,奥适宝（ORTHOMOL）德国进口1mg褪黑素成人女性男士退黑素助睡眠蓝莓味晚安糖睡眠片 晚安糖2盒装 30袋*2盒,晚安糖1盒装 30袋*1盒:¥176.93、晚安糖2盒装 30袋*2盒:、,买家评价(200+),¥176.93、、
10068795045119,奥适宝运动补剂耐力爆发健身补剂体能训练 Hyrox比赛专业运动能量补充 【效能进阶 优化30天装】 30瓶*1盒,【效能进阶 优化30天装】 30瓶*1盒:¥587.18、【运动激活 尝新7天装】 7瓶*1盒:¥129.08,买家评价(100+),¥587.18、¥129.08
10068810870929,奥适宝德国进口辅酶q10胶囊鱼油复合维生素 心脏保健品成人养护心脑血管 【养护心脏】cardio冲剂 30袋*1盒,【养护心脏】cardio冲剂 30袋*1盒:¥549.18,买家评价(36),¥549.18
10068820685430,奥适宝德国进口叶黄素成人护眼维生素保护眼睛保健品眼疲劳眼干眼涩适用 成人叶黄素90天装,成人叶黄素90天装:¥1069.18,买家评价(22),¥1069.18
10068871495978,奥适宝（ORTHOMOL）德国进口1mg褪黑素成人女性男士退黑素助睡眠蓝莓味晚安糖睡眠片 晚安糖3天试用装 3袋*1包,晚安糖1盒装 30袋*1盒:¥176.93、晚安糖2盒装 30袋*2盒:¥303.88、晚安糖3天试用装 3袋*1包无货:¥21.08,买家评价(200+),¥176.93、¥303.88、¥21.08
10074136228275,奥适宝德国进口维生素C成人免疫力抵抗力VC维生素便携式高含量每日维C片 【3盒装】5倍高浓度维C 100粒*3盒,【3盒装】5倍高浓度维C 100粒*3盒:¥214.18,买家评价(91),¥214.18
10075823059768,奥适宝德国immun免疫瓶复合维生素补充免疫力抵抗力男士女士多种维生素 【口服液款单盒装】成人免疫营养口服液 30瓶*1盒,【片剂款单盒装】成人免疫营养包 30袋*1盒:¥478.18、【口服液款单盒装】成人免疫营养口服液 30瓶*1盒:¥564.18、【3天装口服液款】IM成人免疫口服液 1瓶*3支无货:¥81.18、【片剂款2盒装】成人免疫营养包 30袋*2盒:¥81.18、【6天装口溶粉】成人免疫营养口溶粉 6袋*1包无货:¥81.18、【口服液款2盒装】成人免疫营养口服液 30瓶*2盒:¥81.18、【1天装口服液款】IM成人免疫口服液 1瓶*1支无货:¥81.18,买家评价(2000+),¥478.18、¥564.18、¥81.18、¥81.18、¥81.18、¥81.18、¥81.18
10076972082666,奥适宝（ORTHOMOL）德国进口1mg褪黑素退黑素助睡眠成人女性男士睡眠片中老年人适用 【1盒装】褪黑素晚安糖 30袋*1盒,【1盒装】褪黑素晚安糖 30袋*1盒:¥173.93、【2盒装】褪黑素晚安糖 30袋*1盒:¥303.88,买家评价(500+),¥173.93、¥303.88
10088544746645,奥适宝（ORTHOMOL）德国进口1mg褪黑素退黑素助睡眠成人女性男士睡眠片中老年人适用 【2盒装】褪黑素晚安糖 30袋*1盒,【1盒装】褪黑素晚安糖 30袋*1盒:¥173.93、【2盒装】褪黑素晚安糖 30袋*1盒:,买家评价(500+),¥173.93、
10089073036320,奥适宝（ORTHOMOL）奥适宝儿童宝宝养胃益生菌肠胃肠道咀嚼片 德国原装 4-16岁适用 【30天嚼出好肠胃】儿童益生菌 30粒*1盒,【30天嚼出好肠胃】儿童益生菌 30粒*1盒:¥289.18,买家评价(100+),¥289.18
10075242255345,奥适宝德国进口VF女士营养包女士复合维生素女性维生素b成人免疫力补充 【3天装】低糖便携片剂 3袋*1包,【一盒30天装】低糖便携片剂 30袋*1盒:¥488、【两盒60天装】低糖便携片剂 30袋*2盒:¥946、【一盒30天装】易吸收口服液款 30瓶*1盒:¥587、【两盒60天装】易吸收口服液 30瓶*2盒:¥1088、【一盒30天装】味道好入口冲剂 30袋*1盒无货:¥518、【3天装】低糖便携片剂 3袋*1包:¥87、【3天装】易吸收口服液 3瓶*1包无货:¥86.97、【达人推荐-女士款单盒装】Vital F口服液 30瓶*1盒:¥598、【达人推荐-男士款单盒装】Vital M口服液 30瓶*1盒:¥613、【达人推荐-女士款两盒装】Vital F口服液 30瓶*2盒:¥1130、【达人推荐-男士款两盒装】Vital M口服液 30瓶*2盒:¥1058,买家评价(1000+),¥488、¥946、¥587、¥1088、¥518、¥87、¥86.97、¥598、¥613、¥1130、¥1058
10075242604780,奥适宝德国进口男士复合维生素成人免疫力营养包男性保健品多种维生素b 【3天尝新装】低糖便携片剂款 3袋*1包,【1盒装】低糖便携片剂款 30袋*1盒:¥477、【1盒装】易吸收口服液款 30瓶*1盒:¥611、【1盒装】味道好入口冲剂款 30袋*1盒无货:¥578、【2盒装】易吸收口服液款 30瓶*2盒:¥1055、【3天尝新装】低糖便携片剂款 3袋*1包无货:¥48、【2盒装】低糖便携片剂款 30袋*2盒:¥956.01、【3天尝新装】易吸收口服液款 3瓶*1袋:¥96,买家评价(500+),¥477、¥611、¥578、¥1055、¥48、¥956.01、¥96
10081592030607,奥适宝德国immun免疫瓶复合维生素补充免疫力抵抗力男士女士多种维生素 【片剂款单盒装】成人免疫营养包 30袋*1盒,【片剂款单盒装】成人免疫营养包 30袋*1盒:¥487、【口服液款单盒装】成人免疫营养口服液 30瓶*1盒:¥573、【3天装口服液款】IM成人免疫口服液 1瓶*3支无货:¥90、【片剂款2盒装】成人免疫营养包 30袋*2盒:¥90、【6天装口溶粉】成人免疫营养口溶粉 6袋*1包无货:¥90、【口服液款2盒装】成人免疫营养口服液 30瓶*2盒:¥90、【1天装口服液款】IM成人免疫口服液 1瓶*1支无货:¥90,买家评价(2000+),¥487、¥573、¥90、¥90、¥90、¥90、¥90
10081593374782,奥适宝德国进口VF女士营养包女士复合维生素女性维生素b成人免疫力补充 【一盒30天装】低糖便携片剂 30袋*1盒,【一盒30天装】低糖便携片剂 30袋*1盒:¥488、【两盒60天装】低糖便携片剂 30袋*2盒:¥946、【一盒30天装】易吸收口服液款 30瓶*1盒:¥587、【两盒60天装】易吸收口服液 30瓶*2盒:¥1088、【一盒30天装】味道好入口冲剂 30袋*1盒无货:¥518、【3天装】低糖便携片剂 3袋*1包:¥87、【3天装】易吸收口服液 3瓶*1包无货:¥86.97、【达人推荐-女士款单盒装】Vital F口服液 30瓶*1盒:¥598、【达人推荐-男士款单盒装】Vital M口服液 30瓶*1盒:¥613、【达人推荐-女士款两盒装】Vital F口服液 30瓶*2盒:¥1130、【达人推荐-男士款两盒装】Vital M口服液 30瓶*2盒:,买家评价(1000+),¥488、¥946、¥587、¥1088、¥518、¥87、¥86.97、¥598、¥613、¥1130、
10059368537112,奥适宝德国进口VF女士营养包女士复合维生素女性维生素b成人免疫力补充 【两盒60天装】易吸收口服液 30瓶*2盒,【一盒30天装】低糖便携片剂 30袋*1盒:¥488、【两盒60天装】低糖便携片剂 30袋*2盒:¥946、【一盒30天装】易吸收口服液款 30瓶*1盒:¥587、【两盒60天装】易吸收口服液 30瓶*2盒:¥1088、【一盒30天装】味道好入口冲剂 30袋*1盒无货:¥518、【3天装】低糖便携片剂 3袋*1包:¥87、【3天装】易吸收口服液 3瓶*1包无货:¥86.97、【达人推荐-女士款单盒装】Vital F口服液 30瓶*1盒:¥598、【达人推荐-男士款单盒装】Vital M口服液 30瓶*1盒:¥613、【达人推荐-女士款两盒装】Vital F口服液 30瓶*2盒:¥1130、【达人推荐-男士款两盒装】Vital M口服液 30瓶*2盒:¥1058,买家评价(1000+),¥488、¥946、¥587、¥1088、¥518、¥87、¥86.97、¥598、¥613、¥1130、¥1058
10068813071380,奥适宝月经更年期调理女性保健品大豆异黄酮补充雌激素卵巢保养补气养血 【内分泌调理】更年期综合营养 180粒*1盒,【内分泌调理】更年期综合营养 180粒*1盒:¥968,买家评价(53),¥968
10068819139180,奥适宝德国进口VF女士营养包女士复合维生素女性维生素b成人免疫力补充 【一盒30天装】味道好入口冲剂 30袋*1盒,【一盒30天装】低糖便携片剂 30袋*1盒:¥488、【两盒60天装】低糖便携片剂 30袋*2盒:¥946、【一盒30天装】易吸收口服液款 30瓶*1盒:¥587、【两盒60天装】易吸收口服液 30瓶*2盒:¥1088、【一盒30天装】味道好入口冲剂 30袋*1盒无货:¥518、【3天装】低糖便携片剂 3袋*1包:¥87、【3天装】易吸收口服液 3瓶*1包无货:¥86.97、【达人推荐-女士款单盒装】Vital F口服液 30瓶*1盒:¥598、【达人推荐-男士款单盒装】Vital M口服液 30瓶*1盒:¥613、【达人推荐-女士款两盒装】Vital F口服液 30瓶*2盒:¥1130、【达人推荐-男士款两盒装】Vital M口服液 30瓶*2盒:¥1058,买家评价(1000+),¥488、¥946、¥587、¥1088、¥518、¥87、¥86.97、¥598、¥613、¥1130、¥1058
10068819453553,奥适宝德国进口男士复合维生素成人免疫力营养包男性保健品多种维生素b 【1盒装】味道好入口冲剂款 30袋*1盒,【1盒装】低糖便携片剂款 30袋*1盒:¥477、【1盒装】易吸收口服液款 30瓶*1盒:¥611、【1盒装】味道好入口冲剂款 30袋*1盒无货:¥578、【2盒装】易吸收口服液款 30瓶*2盒:¥1055、【3天尝新装】低糖便携片剂款 3袋*1包无货:¥48、【2盒装】低糖便携片剂款 30袋*2盒:¥48、【3天尝新装】易吸收口服液款 3瓶*1袋:¥96,买家评价(500+),¥477、¥611、¥578、¥1055、¥48、¥48、¥96
10068878141018,奥适宝德国进口VF女士营养包女士复合维生素女性维生素b成人免疫力补充 【3天装】易吸收口服液 3瓶*1包,【一盒30天装】低糖便携片剂 30袋*1盒:¥488、【两盒60天装】低糖便携片剂 30袋*2盒:¥946、【一盒30天装】易吸收口服液款 30瓶*1盒:¥587、【两盒60天装】易吸收口服液 30瓶*2盒:¥1088、【一盒30天装】味道好入口冲剂 30袋*1盒无货:¥518、【3天装】低糖便携片剂 3袋*1包:¥87、【3天装】易吸收口服液 3瓶*1包无货:¥86.97、【达人推荐-女士款单盒装】Vital F口服液 30瓶*1盒:¥598、【达人推荐-男士款单盒装】Vital M口服液 30瓶*1盒:¥613、【达人推荐-女士款两盒装】Vital F口服液 30瓶*2盒:¥1130、【达人推荐-男士款两盒装】Vital M口服液 30瓶*2盒:¥1058,买家评价(1000+),¥488、¥946、¥587、¥1088、¥518、¥87、¥86.97、¥598、¥613、¥1130、¥1058
10081593986908,奥适宝德国进口男士复合维生素成人免疫力营养包男性保健品多种维生素b 【1盒装】低糖便携片剂款 30袋*1盒,【1盒装】低糖便携片剂款 30袋*1盒:¥477、【1盒装】易吸收口服液款 30瓶*1盒:¥611、【1盒装】味道好入口冲剂款 30袋*1盒无货:¥578、【2盒装】易吸收口服液款 30瓶*2盒:¥1055、【3天尝新装】低糖便携片剂款 3袋*1包无货:¥48、【2盒装】低糖便携片剂款 30袋*2盒:¥956.01、【3天尝新装】易吸收口服液款 3瓶*1袋:¥96,买家评价(500+),¥477、¥611、¥578、¥1055、¥48、¥956.01、¥96
10081593986909,奥适宝德国进口男士复合维生素成人免疫力营养包男性保健品多种维生素b 【1盒装】易吸收口服液款 30瓶*1盒,【1盒装】低糖便携片剂款 30袋*1盒:¥477、【1盒装】易吸收口服液款 30瓶*1盒:¥611、【1盒装】味道好入口冲剂款 30袋*1盒无货:¥578、【2盒装】易吸收口服液款 30瓶*2盒:¥1055、【3天尝新装】低糖便携片剂款 3袋*1包无货:¥48、【2盒装】低糖便携片剂款 30袋*2盒:¥956.01、【3天尝新装】易吸收口服液款 3瓶*1袋:¥96,买家评价(500+),¥477、¥611、¥578、¥1055、¥48、¥956.01、¥96
10089079371894,奥适宝德国亚精胺辅酶Q10细胞营养素亚精胺补充剂女士复合维生素保健品 【30天初现年轻光泽】1盒体验装 30袋*1盒,【30天初现年轻光泽】1盒体验装 30袋*1盒:¥674.9、【60天告别松弛垮脸】2盒进阶装 30袋*2盒:¥1434.88、【90天重回紧润肌肤】3盒巩固装 30袋*3盒:¥1434.88、【代谢排毒】亚精胺30袋*1盒+代谢益生菌 30粒*1盒:¥1434.88、【更年调理】亚精胺30袋*1盒+更年期综合营养 60粒*1盒:¥1434.88、【6天试用尝新】亚精胺营养素 3条*2包:¥1434.88、【1天试用装】亚精胺营养素 1袋*1包:¥1434.88、【7天尝新装】亚精胺营养素 1袋*7包:¥1434.88、【15天适应体验】亚精胺细胞营养素 1袋*15包:¥1434.88,买家评价(500+),¥674.9、¥1434.88、¥1434.88、¥1434.88、¥1434.88、¥1434.88、¥1434.88、¥1434.88、¥1434.88
10101719389301,奥适宝德国进口儿童维生素复合维生素矿物质钙镁锌钙片儿童钙片维生素d 【6天试用尝新】双口味汽车糖 6袋*1包,【6天试用尝新】双口味汽车糖 6袋*1包:¥78.9,买家评价(500+),¥78.9
10103199363384,奥适宝德国进口番茄红素软胶囊男士复合维生素男性保健品尿频尿急尿不尽 【德国断货王】男士加油营养包 30袋*2盒,【德国断货王】男士加油营养包 30袋*1盒:¥468、【德国断货王】男士加油营养包 30袋*2盒:¥825、【德国断货王】男士加油营养包 30袋*3盒:¥1335、【德国断货王】男士加油营养包 30袋*5盒:¥2275,买家评价(2000+),¥468、¥825、¥1335、¥2275
10103199363385,奥适宝德国进口番茄红素软胶囊男士复合维生素男性保健品尿频尿急尿不尽 【德国断货王】男士加油营养包 30袋*3盒,【德国断货王】男士加油营养包 30袋*1盒:¥468、【德国断货王】男士加油营养包 30袋*2盒:¥825、【德国断货王】男士加油营养包 30袋*3盒:¥1335、【德国断货王】男士加油营养包 30袋*5盒:¥2275,买家评价(2000+),¥468、¥825、¥1335、¥2275
10103199363386,奥适宝德国进口番茄红素软胶囊男士复合维生素男性保健品尿频尿急尿不尽 【德国断货王】男士加油营养包 30袋*5盒,【德国断货王】男士加油营养包 30袋*1盒:¥468、【德国断货王】男士加油营养包 30袋*2盒:¥825、【德国断货王】男士加油营养包 30袋*3盒:¥1335、【德国断货王】男士加油营养包 30袋*5盒:¥2275,买家评价(2000+),¥468、¥825、¥1335、¥2275
10104369268665,奥适宝（ORTHOMOL）德国进口natal孕妇复合维生素dha孕妇专用活性叶酸备孕孕期维生素 【60天涵盖关键发育期】孕期全能营养 30袋*2盒,【30天好孕启航】女士备孕活性叶酸 30粒*1盒:¥229、【30天基础守护】孕期全能营养 30袋*1盒:¥453、【黄金恢复】产后恢复营养 30袋*1盒:¥453、【60天涵盖关键发育期】孕期全能营养 30袋*2盒:¥453、【150天囤货无忧】孕期营养 30袋*5盒:¥453、【90天享完美孕中期】孕期全能营养 30袋*3盒:¥453、【夫妻同补】女士款30袋*1盒+男士款 30袋*1盒:¥453、【优生优育】女士款30袋*3盒+男士款 30袋*3盒:¥453、【7天尝新装】孕期全能营养 7袋*1盒无货:¥453,买家评价(2万+),¥229、¥453、¥453、¥453、¥453、¥453、¥453、¥453、¥453
10104369268666,奥适宝（ORTHOMOL）德国进口natal孕妇复合维生素dha孕妇专用活性叶酸备孕孕期维生素 【90天享完美孕中期】孕期全能营养 30袋*3盒,【30天好孕启航】女士备孕活性叶酸 30粒*1盒:¥229、【30天基础守护】孕期全能营养 30袋*1盒:¥453、【黄金恢复】产后恢复营养 30袋*1盒:¥453、【60天涵盖关键发育期】孕期全能营养 30袋*2盒:¥453、【150天囤货无忧】孕期营养 30袋*5盒:¥453、【90天享完美孕中期】孕期全能营养 30袋*3盒:¥453、【夫妻同补】女士款30袋*1盒+男士款 30袋*1盒:¥453、【优生优育】女士款30袋*3盒+男士款 30袋*3盒:¥453、【7天尝新装】孕期全能营养 7袋*1盒无货:¥453,买家评价(2万+),¥229、¥453、¥453、¥453、¥453、¥453、¥453、¥453、¥453
10104369268668,奥适宝（ORTHOMOL）德国进口natal孕妇复合维生素dha孕妇专用活性叶酸备孕孕期维生素 【夫妻同补】女士款30袋*1盒+男士款 30袋*1盒,【30天好孕启航】女士备孕活性叶酸 30粒*1盒:¥229、【30天基础守护】孕期全能营养 30袋*1盒:¥453、【黄金恢复】产后恢复营养 30袋*1盒:¥453、【60天涵盖关键发育期】孕期全能营养 30袋*2盒:¥453、【150天囤货无忧】孕期营养 30袋*5盒:¥453、【90天享完美孕中期】孕期全能营养 30袋*3盒:¥453、【夫妻同补】女士款30袋*1盒+男士款 30袋*1盒:¥453、【优生优育】女士款30袋*3盒+男士款 30袋*3盒:¥453、【7天尝新装】孕期全能营养 7袋*1盒无货:¥453,买家评价(2万+),¥229、¥453、¥453、¥453、¥453、¥453、¥453、¥453、¥453
10104369268669,奥适宝（ORTHOMOL）德国进口natal孕妇复合维生素dha孕妇专用活性叶酸备孕孕期维生素 【优生优育】女士款30袋*3盒+男士款 30袋*3盒,【30天好孕启航】女士备孕活性叶酸 30粒*1盒:¥229、【30天基础守护】孕期全能营养 30袋*1盒:¥453、【黄金恢复】产后恢复营养 30袋*1盒:¥453、【60天涵盖关键发育期】孕期全能营养 30袋*2盒:¥453、【150天囤货无忧】孕期营养 30袋*5盒:¥453、【90天享完美孕中期】孕期全能营养 30袋*3盒:¥453、【夫妻同补】女士款30袋*1盒+男士款 30袋*1盒:¥453、【优生优育】女士款30袋*3盒+男士款 30袋*3盒:¥453、【7天尝新装】孕期全能营养 7袋*1盒无货:¥453,买家评价(2万+),¥229、¥453、¥453、¥453、¥453、¥453、¥453、¥453、¥453
10104453787785,奥适宝德国进口儿童复合维生素补钙VD补锌儿童维生素d汽车糖儿童钙镁锌 【2盒更划算】莓子味汽车糖 30袋*2盒,【14包尝鲜装】双口味汽车糖 14袋*1盒:¥187、【儿童体质好】柑橘味汽车糖 30袋*1盒:¥411.9、【儿童免疫好】莓子味汽车糖 30袋*1盒:¥379.9、【免疫口溶粉】推荐学龄儿童 30袋*1盒:¥379.8、【DHA益智】Omega小状元鱼油 90粒*1盒:¥563、维生素30袋1盒+鱼油90粒1盒+益生菌 30粒*1盒无货:¥1210、【全家健康】成人款30瓶1盒+儿童款 30袋*1盒:¥761、【2盒更划算】柑橘味汽车糖 30袋*2盒:¥841.9、【2盒更划算】Omega儿童鱼油脑黄金 90粒*2盒:¥1069、【2盒更划算】莓子味汽车糖 30袋*2盒:¥832、【青少年免疫】青春期营养条 30袋*2盒:¥772,买家评价(1万+),¥187、¥411.9、¥379.9、¥379.8、¥563、¥1210、¥761、¥841.9、¥1069、¥832、¥772
10104453787786,奥适宝德国进口儿童复合维生素补钙VD补锌儿童维生素d汽车糖儿童钙镁锌 【青少年免疫】青春期营养条 30袋*2盒,【14包尝鲜装】双口味汽车糖 14袋*1盒:¥187、【儿童体质好】柑橘味汽车糖 30袋*1盒:¥411.9、【儿童免疫好】莓子味汽车糖 30袋*1盒:¥379.9、【免疫口溶粉】推荐学龄儿童 30袋*1盒:¥379.8、【DHA益智】Omega小状元鱼油 90粒*1盒:¥563、维生素30袋1盒+鱼油90粒1盒+益生菌 30粒*1盒无货:¥1210、【全家健康】成人款30瓶1盒+儿童款 30袋*1盒:¥761、【2盒更划算】柑橘味汽车糖 30袋*2盒:¥841.9、【2盒更划算】Omega儿童鱼油脑黄金 90粒*2盒:¥1069、【2盒更划算】莓子味汽车糖 30袋*2盒:¥832、【青少年免疫】青春期营养条 30袋*2盒:¥772,买家评价(1万+),¥187、¥411.9、¥379.9、¥379.8、¥563、¥1210、¥761、¥841.9、¥1069、¥832、¥772
10104453787788,奥适宝德国进口儿童复合维生素补钙VD补锌儿童维生素d汽车糖儿童钙镁锌 【DHA益智】Omega小状元鱼油 90粒*1盒,【14包尝鲜装】双口味汽车糖 14袋*1盒:¥187、【儿童体质好】柑橘味汽车糖 30袋*1盒:¥411.9、【儿童免疫好】莓子味汽车糖 30袋*1盒:¥379.9、【免疫口溶粉】推荐学龄儿童 30袋*1盒:¥379.8、【DHA益智】Omega小状元鱼油 90粒*1盒:¥563、维生素30袋1盒+鱼油90粒1盒+益生菌 30粒*1盒无货:¥1210、【全家健康】成人款30瓶1盒+儿童款 30袋*1盒:¥761、【2盒更划算】柑橘味汽车糖 30袋*2盒:¥841.9、【2盒更划算】Omega儿童鱼油脑黄金 90粒*2盒:¥1069、【2盒更划算】莓子味汽车糖 30袋*2盒:¥832、【青少年免疫】青春期营养条 30袋*2盒:¥772,买家评价(1万+),¥187、¥411.9、¥379.9、¥379.8、¥563、¥1210、¥761、¥841.9、¥1069、¥832、¥772
10104557481678,奥适宝进口补铁胶囊女人补气血孕期孕妇补铁剂产后女性补铁补血贫血适用 【优质铁高吸收】补铁胶囊 60粒*2盒,【优质铁高吸收】补铁胶囊 60粒*1盒:¥204、【优质铁高吸收】补铁胶囊 60粒*2盒:¥378,买家评价(1000+),¥204、¥378
10104576107109,奥适宝（ORTHOMOL）成人护眼叶黄素胶囊保护视力维生素眼部营养眼疲劳眼涩眼干适用 【1盒90天装】成人眼部营养素 270粒*1盒,【1盒30天装】成人眼部营养素 90粒*1盒:¥317、【1盒90天装】成人眼部营养素 270粒*1盒无货:¥1078、成人眼部营养素2盒装 90粒*2盒:¥633、成人眼部营养素3盒装 90粒*3盒:¥1025,买家评价(500+),¥317、¥1078、¥633、¥1025
10106313510789,奥适宝德国男士备孕男士叶酸复合维生素番茄红素男性备孕提精子活力质量 【3个月量】精子营养 90袋*1盒,【德国热销】精子营养一盒 30袋*1盒:¥505.9、【3个月量】精子营养 90袋*1盒:¥1326.9、【性价比推荐】精子营养 30袋*3盒:¥1399、【夫妻同补】女士款30袋*1盒+男士款 30袋*1盒:¥825、【女士备孕】辅酶q10活性叶酸 30粒*3盒:¥520,买家评价(5000+),¥505.9、¥1326.9、¥1399、¥825、¥520
10106496497880,奥适宝德国复合维生素immun免疫瓶补充免疫力成人免疫女士男士维生素b族 【6天装】儿童免疫汽车糖双口味 6袋*1包,【6天装】儿童免疫汽车糖双口味 6袋*1包:¥69、【达人推荐】IM免疫瓶 30瓶*1盒:¥551、【达人推荐】IM免疫瓶 30瓶*2盒:¥551、【试用尝新】IM免疫瓶 1瓶*1包无货:¥551、【3天体验装】IM免疫瓶 3瓶*1盒:¥551,买家评价(1000+),¥69、¥551、¥551、¥551、¥551
10106899376693,奥适宝（ORTHOMOL）进口叶酸备孕女性活性叶酸备孕 孕妇复合维生素q10辅酶备孕叶酸片 【夫妻备孕】男叶酸30袋*1盒+女叶酸 30粒*1盒,【一盒装】备孕活性叶酸 30粒*1盒:¥191.9、【2盒装】备孕活性叶酸 30粒*2盒:¥416、【夫妻备孕】男叶酸30袋*1盒+女叶酸 30粒*1盒:¥692、【夫妻备孕】男叶酸30袋*2盒+女叶酸 30粒*2盒:¥1290,买家评价(2000+),¥191.9、¥416、¥692、¥1290
10106899376694,奥适宝（ORTHOMOL）进口叶酸备孕女性活性叶酸备孕 孕妇复合维生素q10辅酶备孕叶酸片 【夫妻备孕】男叶酸30袋*2盒+女叶酸 30粒*2盒,【一盒装】备孕活性叶酸 30粒*1盒:¥191.9、【2盒装】备孕活性叶酸 30粒*2盒:¥416、【夫妻备孕】男叶酸30袋*1盒+女叶酸 30粒*1盒:¥692、【夫妻备孕】男叶酸30袋*2盒+女叶酸 30粒*2盒:¥1290,买家评价(2000+),¥191.9、¥416、¥692、¥1290
10113613029938,奥适宝德国优乐康icare术后恢复营养品手术放化疗病人专用免疫力保健品 【7天试用装】病后术后营养冲剂 7袋*1盒,【身体恢复好】病后术后营养冲剂 30袋*1盒:¥498、【7天试用装】病后术后营养冲剂 7袋*1盒无货:¥498、【90天周期营养】病后术后营养冲剂 30袋*3盒:¥498、【免疫巩固】术后营养30袋*1盒+成人免疫瓶 30瓶*1盒:¥498,买家评价(1万+),¥498、¥498、¥498、¥498
10113617938605,奥适宝德国进口产后月子营养品 补钙补铁复合维生素产后营养哺乳期钙片 【7天试用装】母婴同补冲剂 7袋*1盒,【30天月子营养全】1盒基础营养 30袋*1盒:¥352.9、【7天试用装】母婴同补冲剂 7袋*1盒无货:¥129、【90天产后恢复好】3盒巩固强化 30袋*3盒:¥1165、【产后补铁】产后营养30袋*1盒+补铁胶囊 60粒*1盒:¥616,买家评价(2000+),¥352.9、¥129、¥1165、¥616
10114219812146,奥适宝德国进口Immun复合维生素补充成人免疫力抵抗力多种维生素保健品 【德国热销】成人免疫维生素 15袋*1盒,【德国热销】成人免疫维生素 15袋*1盒:¥188,买家评价(91),¥188
10114722717560,奥适宝（ORTHOMOL）德国进口natal孕妇复合维生素dha孕妇专用活性叶酸备孕孕期维生素 【30天好孕启航】女士备孕活性叶酸 30粒*1盒,【30天好孕启航】女士备孕活性叶酸 30粒*1盒:¥229、【30天基础守护】孕期全能营养 30袋*1盒:¥453、【黄金恢复】产后恢复营养 30袋*1盒:¥453、【60天涵盖关键发育期】孕期全能营养 30袋*2盒:¥453、【150天囤货无忧】孕期营养 30袋*5盒:¥453、【90天享完美孕中期】孕期全能营养 30袋*3盒:¥453、【夫妻同补】女士款30袋*1盒+男士款 30袋*1盒:¥453、【优生优育】女士款30袋*3盒+男士款 30袋*3盒:¥453、【7天尝新装】孕期全能营养 7袋*1盒无货:¥453,买家评价(2万+),¥229、¥453、¥453、¥453、¥453、¥453、¥453、¥453、¥453
10120185106114,,,,
10120488503296,,,,
10120488503297,奥适宝（ORTHOMOL）成人护眼叶黄素胶囊保护视力维生素眼部营养眼疲劳眼涩眼干适用 成人眼部营养素3盒装 90粒*3盒,【1盒30天装】成人眼部营养素 90粒*1盒:¥317、【1盒90天装】成人眼部营养素 270粒*1盒无货:¥1078、成人眼部营养素2盒装 90粒*2盒:¥633、成人眼部营养素3盒装 90粒*3盒:¥1025,买家评价(500+),¥317、¥1078、¥633、¥1025
10120630541339,奥适宝德国男士复合维生素补充免疫力 男性保健品维生素b男士专用维生素 【护肝充能】VM能量瓶30瓶*1盒+草本护肝胶囊 60粒*1盒,【激活能量】VM能量瓶口服液 30瓶*1盒:¥613.9、【护肝充能】VM能量瓶30瓶*1盒+草本护肝胶囊 60粒*1盒:¥613.9、【活力年轻态】VM能量瓶30瓶*1盒+胶原蛋白肽 30瓶*1盒:¥613.9、【7天尝新装】VM能量瓶口服液 7瓶*1盒:¥613.9、【健康伴侣】男士能量瓶30瓶*1盒+女士活力瓶 30瓶*1盒:¥613.9、【3盒一周期】VM能量瓶口服液 30瓶*3盒:¥613.9,买家评价(2000+),¥613.9、¥613.9、¥613.9、¥613.9、¥613.9、¥613.9
10120632041181,奥适宝德国进口女性维生素口服液VF瓶 女士复合维生素b族维e多种维生素 【养颜好气色】女士能量瓶30瓶*1盒+胶原蛋白 30瓶*1盒,【VF能量瓶】女士多维营养口服液 30瓶*1盒:¥616.8、【养颜好气色】女士能量瓶30瓶*1盒+胶原蛋白 30瓶*1盒:¥1248、【免疫爆款】immun免疫瓶 30瓶*1盒:¥557、【7天试用装】VF女士多维营养口服液 7瓶*1盒:¥182.9、【健康伴侣】男士营养30瓶*1盒+女士营养 30瓶*1盒:¥1110、【3盒一周期】VF女士多维营养口服液 30瓶*3盒:¥1725,买家评价(2000+),¥616.8、¥1248、¥557、¥182.9、¥1110、¥1725
10120633584486,奥适宝德国复合维生素immun免疫瓶成人补充免疫力抵抗力女士男士维生素b 【全家健康】成人免疫30瓶*1盒+儿童免疫 30袋*1盒,【30天告别易病体质】1盒基础防护 30瓶*1盒:¥566、【60天养成自护之力】2盒进阶守护 30瓶*2盒:¥566、【90天重塑健康底牌】3盒巩固强化 30瓶*3盒:¥566、【150天守护全家安康】5盒囤货装 30瓶*5盒:¥566、【7天试用装】IM免疫维生素口服液 7瓶*1盒:¥566、【14天体验装】IM免疫维生素口服液 7瓶*2盒:¥566、【全家健康】成人免疫30瓶*1盒+儿童免疫 30袋*1盒:¥566,买家评价(5000+),¥566、¥566、¥566、¥566、¥566、¥566、¥566
10127072696310,奥适宝德国immun免疫瓶复合维生素补充免疫力抵抗力男士女士多种维生素 【6天装口溶粉】成人免疫营养口溶粉 6袋*1包,【片剂款单盒装】成人免疫营养包 30袋*1盒:¥487、【口服液款单盒装】成人免疫营养口服液 30瓶*1盒:¥487、【3天装口服液款】IM成人免疫口服液 1瓶*3支无货:¥487、【片剂款2盒装】成人免疫营养包 30袋*2盒:¥487、【6天装口溶粉】成人免疫营养口溶粉 6袋*1包无货:¥487、【口服液款2盒装】成人免疫营养口服液 30瓶*2盒:¥487、【1天装口服液款】IM成人免疫口服液 1瓶*1支无货:¥487,买家评价(2000+),¥487、¥487、¥487、¥487、¥487、¥487、¥487
10127258724574,奥适宝德国亚精胺辅酶Q10细胞营养素亚精胺补充剂女士复合维生素保健品 【60天告别松弛垮脸】2盒进阶装 30袋*2盒,【30天初现年轻光泽】1盒体验装 30袋*1盒:¥674.9、【60天告别松弛垮脸】2盒进阶装 30袋*2盒:¥674.9、【90天重回紧润肌肤】3盒巩固装 30袋*3盒:¥674.9、【代谢排毒】亚精胺30袋*1盒+代谢益生菌 30粒*1盒:¥674.9、【更年调理】亚精胺30袋*1盒+更年期综合营养 60粒*1盒:¥674.9、【6天试用尝新】亚精胺营养素 3条*2包:¥674.9、【1天试用装】亚精胺营养素 1袋*1包:¥674.9、【7天尝新装】亚精胺营养素 1袋*7包:¥674.9、【15天适应体验】亚精胺细胞营养素 1袋*15包:¥674.9,买家评价(500+),¥674.9、¥674.9、¥674.9、¥674.9、¥674.9、¥674.9、¥674.9、¥674.9、¥674.9
10132448193425,奥适宝德国进口儿童复合维生素补钙VD补锌儿童维生素d汽车糖儿童钙镁锌 【14包尝鲜装】双口味汽车糖 14袋*1盒,【14包尝鲜装】双口味汽车糖 14袋*1盒:¥187、【儿童体质好】柑橘味汽车糖 30袋*1盒:¥411.9、【儿童免疫好】莓子味汽车糖 30袋*1盒:¥379.9、【免疫口溶粉】推荐学龄儿童 30袋*1盒:¥379.8、【DHA益智】Omega小状元鱼油 90粒*1盒:¥563、维生素30袋1盒+鱼油90粒1盒+益生菌 30粒*1盒无货:¥1210、【全家健康】成人款30瓶1盒+儿童款 30袋*1盒:¥761、【2盒更划算】柑橘味汽车糖 30袋*2盒:¥841.9、【2盒更划算】Omega儿童鱼油脑黄金 90粒*2盒:¥1069、【2盒更划算】莓子味汽车糖 30袋*2盒:¥832、【青少年免疫】青春期营养条 30袋*2盒:¥772,买家评价(1万+),¥187、¥411.9、¥379.9、¥379.8、¥563、¥1210、¥761、¥841.9、¥1069、¥832、¥772
10132655957195,奥适宝德国进口immun营养包免疫瓶成人儿童复合维生素补充免疫力抵抗力 【儿童免疫】Cplus柑橘味汽车糖 30袋*1盒,【每日1包】IM成人免疫营养包 30袋*1盒:¥488、【达人同款】IM成人免疫口溶粉 30条*1盒:¥379、【酸甜莓子新口味】IM成人免疫口溶粉 30条*1盒:¥478.55、【14天体验装】Cplus双味汽车糖 14袋*1盒:¥159、【15天体验装】IM成人免疫营养包 15袋*1盒:¥188、【儿童免疫】Cplus柑橘味汽车糖 30袋*1盒:¥415、【青少年免疫】青春期营养条 30袋*1盒:¥426、【儿童免疫】Cplus莓子味汽车糖 30袋*1盒:¥426、【3天体验装】IM成人免疫营养包 3袋*1包无货:¥47、【6天试用装】IM成人免疫口溶粉 6袋*1包无货:¥128,买家评价(2000+),¥488、¥379、¥478.55、¥159、¥188、¥415、¥426、¥426、¥47、¥128
10132655957196,奥适宝德国进口immun营养包免疫瓶成人儿童复合维生素补充免疫力抵抗力 【儿童免疫】Cplus莓子味汽车糖 30袋*1盒,【每日1包】IM成人免疫营养包 30袋*1盒:¥488、【达人同款】IM成人免疫口溶粉 30条*1盒:¥379、【酸甜莓子新口味】IM成人免疫口溶粉 30条*1盒:¥478.55、【14天体验装】Cplus双味汽车糖 14袋*1盒:¥159、【15天体验装】IM成人免疫营养包 15袋*1盒:¥188、【儿童免疫】Cplus柑橘味汽车糖 30袋*1盒:¥415、【青少年免疫】青春期营养条 30袋*1盒:¥426、【儿童免疫】Cplus莓子味汽车糖 30袋*1盒:¥426、【3天体验装】IM成人免疫营养包 3袋*1包无货:¥47、【6天试用装】IM成人免疫口溶粉 6袋*1包无货:¥128,买家评价(2000+),¥488、¥379、¥478.55、¥159、¥188、¥415、¥426、¥426、¥47、¥128
10132660652978,奥适宝德国进口儿童复合维生素补钙VD补锌儿童维生素d汽车糖儿童钙镁锌 维生素30袋1盒+鱼油90粒1盒+益生菌 30粒*1盒,【14包尝鲜装】双口味汽车糖 14袋*1盒:¥187、【儿童体质好】柑橘味汽车糖 30袋*1盒:、、、、、、、、、,买家评价(1万+),¥187、、、、、、、、、、
10133428619354,,,,
10134601063549,,,,
10136148875603,,,,
10136835906945,,,,
10136858291957,,,,
10136858291958,,,,
10138501658929,,,,
10140217646126,奥适宝德国复合维生素immun免疫瓶成人补充免疫力抵抗力女士男士维生素b 【7天试用装】IM免疫维生素口服液 7瓶*1盒,【30天告别易病体质】1盒基础防护 30瓶*1盒:、、、、、、,买家评价(5000+),、、、、、、
10140890044904,,,,
10147028536455,,,,
10147066519611,,,,
10147066677310,,,,
10149426128306,,,,
10150937961490,,,,
10150937961491,奥适宝德国vf营养包女士复合维生素B族多种维生素维E维生素C成人免疫力 【明眸焕能】女士营养包30袋*1盒+护眼胶囊 90粒*1盒,【29种营养】VF女士多维营养包 30袋*1盒:¥487.9、【液体易吸收】VF女士多维口服液 30瓶*1盒:¥487.9、【男女同补】女士营养包30袋*1盒+男士营养包 30袋*1盒:¥487.9、【明眸焕能】女士营养包30袋*1盒+护眼胶囊 90粒*1盒:¥487.9、【90天活力焕新】VF女士多维营养包 30袋*3盒:¥487.9,买家评价(2000+),¥487.9、¥487.9、¥487.9、¥487.9、¥487.9
10150943499715,奥适宝德国进口儿童复合维生素补钙VD补锌儿童维生素d汽车糖儿童钙镁锌 【全家健康】成人款30瓶1盒+儿童款 30袋*1盒,【14包尝鲜装】双口味汽车糖 14袋*1盒:¥187、【儿童体质好】柑橘味汽车糖 30袋*1盒:¥411.9、【儿童免疫好】莓子味汽车糖 30袋*1盒:¥379.9、【免疫口溶粉】推荐学龄儿童 30袋*1盒:¥379.8、【DHA益智】Omega小状元鱼油 90粒*1盒:¥563、维生素30袋1盒+鱼油90粒1盒+益生菌 30粒*1盒无货:¥1210、【全家健康】成人款30瓶1盒+儿童款 30袋*1盒:¥761、【2盒更划算】柑橘味汽车糖 30袋*2盒:¥841.9、【2盒更划算】Omega儿童鱼油脑黄金 90粒*2盒:¥1069、【2盒更划算】莓子味汽车糖 30袋*2盒:¥832、【青少年免疫】青春期营养条 30袋*2盒:¥772,买家评价(1万+),¥187、¥411.9、¥379.9、¥379.8、¥563、¥1210、¥761、¥841.9、¥1069、¥832、¥772
10157388407570,奥适宝德国亚精胺辅酶Q10细胞营养素复合维生素保健品线粒体美容养颜 【30天初现年轻光泽】 30袋*1盒,【30天初现年轻光泽】 30袋*1盒:¥640、【7天试用尝鲜】 7袋*1盒无货:¥199、【3天速体验】 3袋*1盒无货:¥79.9,买家评价(200+),¥640、¥199、¥79.9
10157388407571,奥适宝德国亚精胺辅酶Q10细胞营养素复合维生素保健品线粒体美容养颜 【7天试用尝鲜】 7袋*1盒,【30天初现年轻光泽】 30袋*1盒:¥640、【7天试用尝鲜】 7袋*1盒无货:¥199、【3天速体验】 3袋*1盒无货:¥79.9,买家评价(200+),¥640、¥199、¥79.9
10161178672327,奥适宝德国进口immun营养包免疫瓶成人儿童复合维生素补充免疫力抵抗力 【3天体验装】IM成人免疫营养包 3袋*1包,【每日1包】IM成人免疫营养包 30袋*1盒:¥488、【达人同款】IM成人免疫口溶粉 30条*1盒:¥379、【酸甜莓子新口味】IM成人免疫口溶粉 30条*1盒:¥478.55、【14天体验装】Cplus双味汽车糖 14袋*1盒:¥159、【15天体验装】IM成人免疫营养包 15袋*1盒:¥188、【儿童免疫】Cplus柑橘味汽车糖 30袋*1盒:¥415、【青少年免疫】青春期营养条 30袋*1盒:¥426、【儿童免疫】Cplus莓子味汽车糖 30袋*1盒:¥426、【3天体验装】IM成人免疫营养包 3袋*1包无货:¥47、【6天试用装】IM成人免疫口溶粉 6袋*1包无货:¥128,买家评价(2000+),¥488、¥379、¥478.55、¥159、¥188、¥415、¥426、¥426、¥47、¥128
10165774322642,奥适宝德国亚精胺辅酶Q10细胞营养素亚精胺补充剂女士复合维生素保健品 【代谢排毒】亚精胺30袋*1盒+代谢益生菌 30粒*1盒,【30天初现年轻光泽】1盒体验装 30袋*1盒:¥674.9、【60天告别松弛垮脸】2盒进阶装 30袋*2盒:¥674.9、【90天重回紧润肌肤】3盒巩固装 30袋*3盒:¥674.9、【代谢排毒】亚精胺30袋*1盒+代谢益生菌 30粒*1盒:¥674.9、【更年调理】亚精胺30袋*1盒+更年期综合营养 60粒*1盒:¥674.9、【6天试用尝新】亚精胺营养素 3条*2包:¥674.9、【1天试用装】亚精胺营养素 1袋*1包:¥674.9、【7天尝新装】亚精胺营养素 1袋*7包:¥674.9、【15天适应体验】亚精胺细胞营养素 1袋*15包:¥674.9,买家评价(500+),¥674.9、¥674.9、¥674.9、¥674.9、¥674.9、¥674.9、¥674.9、¥674.9、¥674.9
10168151351315,奥适宝（ORTHOMOL）德国进口natal孕妇复合维生素dha孕妇专用活性叶酸备孕孕期维生素 【7天尝新装】孕期全能营养 7袋*1盒,【30天好孕启航】女士备孕活性叶酸 30粒*1盒:¥229、【30天基础守护】孕期全能营养 30袋*1盒:¥453、【黄金恢复】产后恢复营养 30袋*1盒:¥453、【60天涵盖关键发育期】孕期全能营养 30袋*2盒:¥453、【150天囤货无忧】孕期营养 30袋*5盒:¥453、【90天享完美孕中期】孕期全能营养 30袋*3盒:¥453、【夫妻同补】女士款30袋*1盒+男士款 30袋*1盒:¥453、【优生优育】女士款30袋*3盒+男士款 30袋*3盒:¥453、【7天尝新装】孕期全能营养 7袋*1盒无货:¥453,买家评价(2万+),¥229、¥453、¥453、¥453、¥453、¥453、¥453、¥453、¥453
10169883738187,奥适宝（ORTHOMOL）好孕盒natal德国进口复合维生素孕妇dha叶酸备孕孕期营养品补钙片 【7天试用尝新】孕期全能营养 7袋*1盒,【30天基础守护】孕期全能营养 30袋*1盒:¥446、【7天试用尝新】孕期全能营养 7袋*1盒无货:¥446、【剂型新升级】孕期全能营养口溶粉 30袋*1盒:¥446,买家评价(5000+),¥446、¥446、¥446
10170870298196,奥适宝德国beauty女士胶原蛋白肽口服液辅酶Q10女士复合维生素美容养颜 【养颜抗衰】胶原蛋白肽30瓶*1盒+亚精胺 30袋*1盒,【欧洲专利】beauty口服液 30瓶*1盒:、,买家评价(500+),、
10173200455457,,,,
10175646195756,,,,
10176498181459,,,,
10176499572786,,,,
10177651614726,,,,
10178359688157,,,,
10178903222490,,,,
10178903222491,,,,
10178903222492,,,,
10184735368257,,,,
10184997502768,,,,
10184997502769,,,,
10185002868964,,,,
10185006389599,,,,
10185824725302,,,,
10185824725303,,,,
10187027225711,,,,
10187035542810,,,,
10191163158543,,,,
10191165462679,,,,
10191171554141,,,,
10191172032523,,,,
10191944708697,,,,
10195041999233,,,,
10197097095189,,,,
10198075744174,,,,
10198075744175,,,,
10198087419679,,,,
10200241639398,,,,
10200807341031,,,,
10201814190531,,,,
10202327332578,,,,
10202327332579,,,,
10206544857893,,,,
10206545845639,,,,
10207561824775,,,,
10208001477656,,,,
10209454925803,,,,
10210773752006,,,,
10211476112351,,,,
