post_id,author_id,created_at,text,conversation_id,parent_post_id,in_reply_to_user_id,lang,query_group,is_reply,is_quote,is_repost,like_count,reply_count,repost_count,official_content_type,content_type,is_pfas_related
1329596775158538240,@lululemon,2020-11-20T01:25:48.000Z,Can confirm: This is why we made it.,1329596775158538240,,,en,官方回应帖,FALSE,FALSE,FALSE,471,6,49,brand_story,official_post,0
1329606813185138688,@lululemon,2020-11-20T02:05:41.000Z,Just peek over at our virtual shelves—stocked with all the latest: http://spr.ly/6019HGnkF.,1329606813185138688,,,en,官方回应帖,FALSE,FALSE,FALSE,0,0,0,product_promotion,official_post,0
1818338109773562068,@lululemon,2024-07-30T17:29:23.000Z,It’s Summer time in Paris.,1818338109773562068,,,en,F-抵制声浪,FALSE,TRUE,FALSE,78,72,21,community_engagement,official_post,0
1819126454229389633,@lululemon,2024-08-01T21:41:59.000Z,"Records are for breaking. Congrats to our Ambassador Summer McIntosh on setting a new Olympic record on her way to 200m Butterfly gold. Add that to her medals in the 400m IM and the 400m Freestyle, and we’re calling it... a Summer special. #TeamCanada",1819126454229389633,,,en,官方回应帖,FALSE,FALSE,FALSE,0,0,0,product_promotion,official_post,0
1819126454229389633,@lululemon,2024-08-01T21:41:59.000Z,"Records are for breaking. Congrats to our Ambassador Summer McIntosh on setting a new Olympic record on her way to 200m Butterfly gold. Add that to her medals in the 400m IM and the 400m Freestyle, and we’re calling it... a Summer special. #TeamCanada",1819126454229389633,,,en,A-整体讨论,FALSE,FALSE,FALSE,195,293,42,product_promotion,official_post,0
1822097002550714577,@lululemon,2024-08-10T02:25:52.000Z,"We understand you received a bra instead of a pair of shorts. We're here to support you. When you have moment, please message us with your full name, email, and order ID.",1822097002550714577,,,en,官方回应帖,FALSE,FALSE,FALSE,0,3,0,customer_service,official_post,0
1860665262887846305,@lululemon,2024-11-24T12:42:22.000Z,"While we don't know what the future holds when it comes to restocks, we'll be sure to pass along your feedback to our Design team. Be sure to sign up for product notification emails, so you're in the know when items make a reappearance.",1860665262887846305,,,en,官方回应帖,FALSE,FALSE,FALSE,1,1,0,customer_service,official_post,0
1868020393014944145,@lululemon,2024-12-14T19:49:02.000Z,"This isn't what we like to hear. Feedback is at the heart of what we do—feel free to send us a PM, so we can continue the conversation there.",1868020393014944145,,,en,官方回应帖,FALSE,FALSE,FALSE,0,0,0,customer_service,official_post,0
1872304908663185877,@lululemon,2024-12-26T15:34:10.000Z,"We're disappointed to hear that your package didn't land with you when it was supposed to, so we'd love to support you further. Send us a PM with your full name, email address, and order ID, and we'll be happy to assist you.",1872304908663185877,,,en,官方回应帖,FALSE,FALSE,FALSE,0,1,0,customer_service,official_post,0
1872856871729586421,@lululemon,2024-12-28T04:07:28.000Z,Our Design team likes to keep us guessing—stay tuned on our app or website for all the latest arrivals dropping weekly.,1872856871729586421,,,en,官方回应帖,FALSE,FALSE,FALSE,0,0,1,product_promotion,official_post,0
1875687692962263435,@lululemon,2025-01-04T23:36:09.000Z,"Hearing this isn't sitting right with us. When you have a moment please send us a private message with your full name, email address, and billing address. We'd be happy to support you.",1875687692962263435,,,en,官方回应帖,FALSE,FALSE,FALSE,0,0,0,customer_service,official_post,0
1891548961410085238,@lululemon,2025-02-17T18:03:10.000Z,We've spotted your PM and have responded—we're excited to continue the conversation with you there.,1891548961410085238,,,en,官方回应帖,FALSE,FALSE,FALSE,0,0,0,customer_service,official_post,0
1948027921509359989,@lululemon,2025-07-23T14:30:23.000Z,"We understand that you have a question about your most recent order, and we'd love to guide you in the right direction. Please send us a private message with your order details and we'll look into this for you.",1948027921509359989,,,en,官方回应帖,FALSE,FALSE,FALSE,0,1,0,customer_service,official_post,0
1948033580090982842,@lululemon,2025-07-23T14:52:52.000Z,We’re not able to discuss guest orders publicly—please send us a private message so we can support you directly.,1948033580090982842,,,en,官方回应帖,FALSE,FALSE,FALSE,0,1,0,customer_service,official_post,0
2000550478112026829,@lululemon,2025-12-15T12:56:17.000Z,"An unexpected order delay isn't the experience we want for you, Olivia. We appreciate your patience and would love to offer more support. Please send us a private message that includes your full name, email address, and order ID, so we can look into this situation.",2000550478112026829,,,en,官方回应帖,FALSE,FALSE,FALSE,1,1,0,customer_service,official_post,0
2003152859286974777,@lululemon,2025-12-22T17:17:13.000Z,Hi there—please get in touch with us over DM and we can assist you further with your order: https://x.com/messages/compose?recipient_id=16252784….,2003152859286974777,,,en,官方回应帖,FALSE,FALSE,FALSE,0,0,0,customer_service,official_post,0
2003464999596097832,@lululemon,2025-12-23T13:57:33.000Z,"We hear you. Feel free to send us a private message here, or on Instagram or Facebook, so we can provide support.",2003464999596097832,,@redbear69165388,en,官方回应帖,TRUE,FALSE,FALSE,0,0,0,customer_service,official_post,0
2003469854544932879,@lululemon,2025-12-23T14:16:50.000Z,"Hi Eric, Thanks for taking the time to connect. I understand your order tracking hasn't been updated, and how this definitely isn't ideal. When you have a moment, can you please confirm your email address? I'll keep an eye out for your response. Cheers, -Lucie",2003469854544932879,,,en,官方回应帖,FALSE,FALSE,FALSE,0,0,0,customer_service,official_post,0
2003507379695157349,@lululemon,2025-12-23T16:45:57.000Z,"Thanks for bringing this to our attention. We'd love to look into this further for you, so when you have a moment, please feel free to send us a message here or on Instagram or Facebook, with your full name, email address, and order ID.",2003507379695157349,,,en,官方回应帖,FALSE,FALSE,FALSE,0,0,0,customer_service,official_post,0
2003544532391170313,@lululemon,2025-12-23T19:13:35.000Z,"That's not what we like to hear. Please send us a private message, and include all the details (order ID, your full name, email address, and any other relevant details)—we'd love to chat and learn more.",2003544532391170313,,,en,官方回应帖,FALSE,FALSE,FALSE,0,0,0,customer_service,official_post,0
2003649168393535884,@lululemon,2025-12-24T02:09:22.000Z,"This isn't the experience we strive for, and we'd love to dig into this further for you. When you have a moment, please send us your full name, Order ID, and email address:",2003649168393535884,,,en,官方回应帖,FALSE,FALSE,FALSE,0,0,0,customer_service,official_post,0
2003817287401583078,@lululemon,2025-12-24T13:17:25.000Z,"That's not what we like to hear—Send us a PM with your full name, email address, and phone number, and we'll be happy to look into this for you.",2003817287401583078,,,en,官方回应帖,FALSE,FALSE,FALSE,0,0,0,customer_service,official_post,0
2003844282810335259,@lululemon,2025-12-24T15:04:41.000Z,"We understand your experience was less than ideal, and we'd love to learn more. To share your feedback and continue the conversation, please send us a PM.",2003844282810335259,,,en,官方回应帖,FALSE,FALSE,FALSE,0,0,0,customer_service,official_post,0
2003866980483493939,@lululemon,2025-12-24T16:34:52.000Z,"This isn't the experience we want you to have. When you have a moment, send us a DM on Instagram or Facebook with your full name, email address, and phone number so that we can get to the bottom of this for you.",2003866980483493939,,@mrsangiecox,en,官方回应帖,TRUE,FALSE,FALSE,0,0,0,customer_service,official_post,0
2003889619054571708,@lululemon,2025-12-24T18:04:50.000Z,"We understand that your estimated delivery date changed, and we'd love to look into this for you. Please send us a DM with your full name, email, and order ID, and we'll be happy to help.",2003889619054571708,,@lennacorona_,en,官方回应帖,TRUE,FALSE,FALSE,4,0,0,customer_service,official_post,0
2004529297365815553,@lululemon,2025-12-26T12:26:41.000Z,"We're disappointed to hear that your gear didn't land with you in time for the holidays. Send us a PM with your full name, email address, and order ID, and we'll be happy to support you further.",2004529297365815553,,,en,官方回应帖,FALSE,FALSE,FALSE,0,0,0,customer_service,official_post,0
2004529598080692455,@lululemon,2025-12-26T12:27:53.000Z,"We're disappointed to hear that your order didn't make it to you in time for the holidays. Send us a PM with your full name, email address, and order ID, and we'll be happy to assist you further.",2004529598080692455,,,en,官方回应帖,FALSE,FALSE,FALSE,0,0,0,customer_service,official_post,0
2004531283809173603,@lululemon,2025-12-26T12:34:35.000Z,"We definitely don't like to hear that your gear arrived with an unwanted accessory. Send us a PM with your full name, email address, and order ID and we'll be happy to share some possible next steps.",2004531283809173603,,,en,官方回应帖,FALSE,FALSE,FALSE,0,0,0,customer_service,official_post,0
2004532904924430568,@lululemon,2025-12-26T12:41:01.000Z,"Hearing that doesn't sit well with us, Des. We'd be happy to chat about this further, and take a closer look into how we can best support. Feel free to send a DM our way on Instagram at any time to continue the conversation.",2004532904924430568,,@Deessst_,en,官方回应帖,TRUE,FALSE,FALSE,0,0,0,customer_service,official_post,0
2004622996636647731,@lululemon,2025-12-26T18:39:01.000Z,"We understand that you're experiencing a hiccup with your most recent order, and we'd love to guide you in the right direction from here. Please send us a private message with your full name, email, and order ID, and we'll look into this for you.",2004622996636647731,,,en,官方回应帖,FALSE,FALSE,FALSE,0,0,0,customer_service,official_post,0
2004660191741313217,@lululemon,2025-12-26T21:06:49.000Z,"Thanks for bringing this to our attention, Steve. We're sending you a DM now to dig into this further.",2004660191741313217,,@Deessst_,en,官方回应帖,TRUE,FALSE,FALSE,0,0,0,customer_service,official_post,0
2004671507423785448,@lululemon,2025-12-26T21:51:47.000Z,"We'd love to take a closer look at this for you. When you have a minute, please send us a DM on Instagram or a private message through Facebook. Please include the full name on the order, email, and order ID, as well as the important details. We'll be watching for your message.",2004671507423785448,,,en,官方回应帖,FALSE,FALSE,FALSE,0,0,0,customer_service,official_post,0
2004691786480943372,@lululemon,2025-12-26T23:12:21.000Z,"We'd love to take a closer look at this for you. When you have a minute, please send us a private message if you'd like to chat more.",2004691786480943372,,,en,官方回应帖,FALSE,FALSE,FALSE,0,0,0,customer_service,official_post,0
2004750375069646978,@lululemon,2025-12-27T03:05:10.000Z,"You can send us a PM on this platform. Alternatively, you can reach out to the Guest Education Centre (GEC), and they'd be happy to support. You can find the different ways to get in touch here: https://shop.lululemon.com/en-ca/contact.",2004750375069646978,,,en,官方回应帖,FALSE,FALSE,FALSE,0,0,0,customer_service,official_post,0
2004902184182325419,@lululemon,2025-12-27T13:08:24.000Z,"We hear you—missing a discount at checkout is less than ideal. Please send us a private message with the Order ID, as well as the full name and email address associated with the order, and we’ll take a look.",2004902184182325419,,,en,官方回应帖,FALSE,FALSE,FALSE,0,1,0,customer_service,official_post,0
2005402092304023901,@lululemon,2025-12-28T22:14:52.000Z,"We hear you experienced a hiccup with an exchange, and we’d love to share a bit more insight. We offer free returns and exchanges at lululemon: https://shop.lululemon.com/help/returns-and-refunds…. If you need additional support, feel free to PM us.",2005402092304023901,,,en,官方回应帖,FALSE,FALSE,FALSE,0,0,0,customer_service,official_post,0
2005616721131196575,@lululemon,2025-12-29T12:27:43.000Z,"This doesn't sit well with us—for the quickest solve, visit your nearest store. Or, send us a message via Instagram or Facebook.",2005616721131196575,,,en,官方回应帖,FALSE,FALSE,FALSE,0,0,0,customer_service,official_post,0
2005704674696102022,@lululemon,2025-12-29T18:17:13.000Z,"We understand you’re looking for clarity on the authenticity of a phone call, and we’d love to help. When you have a moment, please send us a PM with additional details about your experience.",2005704674696102022,,,en,官方回应帖,FALSE,FALSE,FALSE,1,2,0,customer_service,official_post,0
2005706837958746410,@lululemon,2025-12-29T18:25:49.000Z,"We truly appreciate you flagging this with us—if anything else comes up or you need additional support, please know we’re just a message away.",2005706837958746410,,,en,官方回应帖,FALSE,FALSE,FALSE,1,0,0,customer_service,official_post,0
2005776104616042964,@lululemon,2025-12-29T23:01:03.000Z,"We're disappointed to hear you haven't received your package, and are having difficulties reaching us. If you'd like to call the Guest Education Centre, their phone number is 1.877.263.9300. You can also send us a direct message with your order details, and we can help here.",2005776104616042964,,,en,官方回应帖,FALSE,FALSE,FALSE,0,0,0,customer_service,official_post,0
2005784157742657687,@lululemon,2025-12-29T23:33:03.000Z,"We hear you—this doesn't sit well with us. We'd be happy to chat about this further, and take a closer look into how we can best support. Feel free to send a PM our way at any time to continue the conversation.",2005784157742657687,,,en,官方回应帖,FALSE,FALSE,FALSE,0,0,0,customer_service,official_post,1
2006386796046045227,@lululemon,2025-12-31T15:27:43.000Z,"Hearing that doesn't sit well with us. We'd be happy to chat about this, and take a closer look into how we can best support. Whenever you have a chance, please send us a private message with your full name, email address, and order number. We'll be on the lookout for your reply.",2006386796046045227,,@namjoonballs,en,官方回应帖,TRUE,FALSE,FALSE,0,0,0,customer_service,official_post,0
2006386854166433921,@lululemon,2025-12-31T15:27:57.000Z,,2006386854166433921,,,,官方回应帖,FALSE,FALSE,FALSE,0,0,0,other,official_post,0
2006504546571575676,@lululemon,2025-12-31T23:15:37.000Z,"We hear your frustration and appreciate you sharing this feedback about the City Essentials Nano. That’s not how we want our gear to land, and we’d like to help make this right. Please send us a private message so we can take a closer look and walk you through next steps.",2006504546571575676,,,en,官方回应帖,FALSE,FALSE,FALSE,1,0,0,customer_service,official_post,0
2006731990285037832,@lululemon,2026-01-01T14:19:24.000Z,We'd be happy to chat about this further and take a closer look into how we can best support you. Feel free to send a DM our way at any time to continue the conversation.,2006731990285037832,,,en,官方回应帖,FALSE,FALSE,FALSE,0,0,0,customer_service,official_post,0
2006732464681623742,@lululemon,2026-01-01T14:21:17.000Z,We'd be happy to chat about this further and take a closer look into how we can best support you. Feel free to send a DM our way at any time to continue the conversation.,2006732464681623742,,,en,官方回应帖,FALSE,FALSE,FALSE,0,0,0,customer_service,official_post,0
2006843721539879049,@lululemon,2026-01-01T21:43:23.000Z,"We understand you've been patiently waiting for your package to arrive, and we'd love to lend a hand. When you have a moment, feel free to send us a private message with your full name, email address, and order ID.",2006843721539879049,,@zhyrxnx,en,官方回应帖,TRUE,FALSE,FALSE,0,0,0,customer_service,official_post,0
2006889819310534887,@lululemon,2026-01-02T00:46:33.000Z,"We love hearing new ideas. While there’s nothing to share right now, keep an eye on our website and social channels for future offers. Our shoppers are designed to be reused as part of our sustainability efforts and commitment to reducing our global impact.",2006889819310534887,,,en,官方回应帖,FALSE,FALSE,FALSE,0,0,0,product_promotion,official_post,0
2006904999272657037,@lululemon,2026-01-02T01:46:52.000Z,The Design team likes to keep us guessing when it comes to restocks. Keep your eyes peeled for exciting updates.,2006904999272657037,,@JoshV1013,en,官方回应帖,TRUE,FALSE,FALSE,0,0,0,product_promotion,official_post,0
2007148637143601168,@lululemon,2026-01-02T17:55:00.000Z,"We hear you, and we'd love to grant your desire—feel free to stop by your local store and we'll be happy to provide you with what you're seeking for.",2007148637143601168,,"[""@lindsey_naylor9""]",en,A-整体讨论,TRUE,FALSE,FALSE,22,4,0,customer_service,official_post,0
2007153663425544238,@lululemon,2026-01-02T18:14:59.000Z,"Your experience doesn't sit well with us, and we'd like to learn more about what happened. Please send us a private message with your name, email address, and order ID so we can dig into this.",2007153663425544238,,,en,官方回应帖,FALSE,FALSE,FALSE,1,0,0,customer_service,official_post,0
2007153888462549476,@lululemon,2026-01-02T18:15:52.000Z,"We'd love to look into this for you—please send us a private message with your order ID, email address, and full name so we can best assist you.",2007153888462549476,,,en,官方回应帖,FALSE,FALSE,FALSE,0,0,0,customer_service,official_post,0
2007277896227017194,@lululemon,2026-01-03T02:28:38.000Z,"It sounds like we missed the mark and would love to chat more about your experience. If you would like to continue the conversation, please send us a private message to chat.",2007277896227017194,,@BHMonsterUSA,en,官方回应帖,TRUE,FALSE,FALSE,0,0,0,customer_service,official_post,0
2007468510751142389,@lululemon,2026-01-03T15:06:04.000Z,"This doesn't sit well with us—we'd love to hear more about your experience and see if there's any additional insight we can provide. To chat, send us a PM:",2007468510751142389,,,en,官方回应帖,FALSE,FALSE,FALSE,0,0,0,customer_service,official_post,0
2007557639983726773,@lululemon,2026-01-03T21:00:14.000Z,"Receiving an open package is never fun. Please send us a private message with your full name, email, and order ID, and we’ll look into this further from there.",2007557639983726773,,,en,官方回应帖,FALSE,FALSE,FALSE,2,0,0,customer_service,official_post,0
2007941965795803622,@lululemon,2026-01-04T22:27:25.000Z,"We understand you’re seeing a price discrepancy on your end, and we'd love to lend a hand. When you have a moment, feel free to send us a PM with your full name, email address, and order ID.",2007941965795803622,,,en,官方回应帖,FALSE,FALSE,FALSE,0,1,0,customer_service,official_post,0
2008151951457071137,@lululemon,2026-01-05T12:21:49.000Z,"Thanks for sharing this feedback. We recommend cleaning your mat with a gentle cleanser and storing it out of direct sunlight, which can help with grip. If you’d like to chat more, feel free to send us a private message.",2008151951457071137,,"[""@Sanjay_Trime""]",en,A-整体讨论,TRUE,FALSE,FALSE,0,1,0,customer_service,official_post,0
2008246204325589433,@lululemon,2026-01-05T18:36:21.000Z,We've spotted your PM and we'll be responding shortly.,2008246204325589433,,,en,官方回应帖,FALSE,FALSE,FALSE,0,0,0,customer_service,official_post,0
2008293722488996200,@lululemon,2026-01-05T21:45:10.000Z,Our Design team loves a good surprise—stay tuned to our website to see which of your favourite styles make a comeback.,2008293722488996200,,,en,官方回应帖,FALSE,FALSE,FALSE,1,0,0,product_promotion,official_post,0
2008296304322244947,@lululemon,2026-01-05T21:55:25.000Z,We love to hear it—and we'll be sure to pass the lululemon love along to our friends in Edmonton.,2008296304322244947,,"[""@emtd44""]",en,A-整体讨论,TRUE,FALSE,FALSE,0,0,0,community_engagement,official_post,0
2008349094360871117,@lululemon,2026-01-06T01:25:12.000Z,We cannot wait to cheer you on.,2008349094360871117,,,en,官方回应帖,FALSE,FALSE,FALSE,1,0,0,community_engagement,official_post,0
2008361045732323782,@lululemon,2026-01-06T02:12:41.000Z,"This isn't how we want to leave you. Send us a PM with your full name, email address, and order ID so that we can take a closer look.",2008361045732323782,,,en,官方回应帖,FALSE,FALSE,FALSE,1,0,0,customer_service,official_post,0
2008516383555133765,@lululemon,2026-01-06T12:29:56.000Z,"This certainly isn't what we like to hear. When you have a moment, send us a direct message with your full name, email address, and order ID. We're more than happy to continue the conversation with you there.",2008516383555133765,,"[""@jasonhibono""]",en,A-整体讨论,TRUE,FALSE,FALSE,1,1,0,customer_service,official_post,0
2008601690627600617,@lululemon,2026-01-06T18:08:55.000Z,"We understand you’re experiencing a hiccup with your most recent order, and we'd love to guide you in the right direction from here. If you need any support processing a refund, feel free to send us a private message with your full name, email address, and order ID.",2008601690627600617,,@ErikaaLauren,en,官方回应帖,TRUE,FALSE,FALSE,0,0,0,customer_service,official_post,0
2008666764909879345,@lululemon,2026-01-06T22:27:30.000Z,This belongs in a gallery and a hall of fame.,2008666764909879345,,,en,官方回应帖,FALSE,FALSE,FALSE,1,1,0,community_engagement,official_post,0
2008911808661467176,@lululemon,2026-01-07T14:41:13.000Z,"This definitely isn't what we like to hear. Send us a PM with your full name, email address, and order ID, and we'll be happy to look into your order further.",2008911808661467176,,,en,官方回应帖,FALSE,FALSE,FALSE,1,1,0,customer_service,official_post,0
2008940860394627552,@lululemon,2026-01-07T16:36:40.000Z,"We'd like to start the process over, Erica. When you have a chance, send us the information we mentioned above, and we're happy to take a deeper dive for you. We'll continue the conversation with you there.",2008940860394627552,,,en,官方回应帖,FALSE,FALSE,FALSE,0,1,0,customer_service,official_post,0
2009035371540033921,@lululemon,2026-01-07T22:52:13.000Z,We understand your order has arrived with the security tags attached and this definitely isn't ideal. Please send us a private message so we can support you from there.,2009035371540033921,,,en,官方回应帖,FALSE,FALSE,FALSE,2,0,0,customer_service,official_post,0
2009683167805157765,@lululemon,2026-01-09T17:46:19.000Z,"We hear you're looking for support on wash and care—to learn more, visit our Product Wash and Care page: https://shop.lululemon.com/help/products-and-sizing/wash-and-care?msockid=2d16b04257316983341fa63c564a685f…. Or, send us a PM to chat: https://x.com/messages/compose?recipient_id=16252784…",2009683167805157765,,,en,官方回应帖,FALSE,FALSE,FALSE,0,0,0,customer_service,official_post,0
2009691059702640766,@lululemon,2026-01-09T18:17:41.000Z,"We’d be happy to chat about this further and take a closer look at how we can best support. Feel free to Send us a PM with your name, order ID, and email address, so we can dig into this further.",2009691059702640766,,,en,官方回应帖,FALSE,FALSE,FALSE,1,0,0,customer_service,official_post,0
2009738860381778000,@lululemon,2026-01-09T21:27:38.000Z,"We understand that it hasn't been the connection you know and love and we'd be more than happy to lend a hand. Whenever you've got the chance, please send a DM our way with your full name, order ID, email address, as well as sharing how we can support.",2009738860381778000,,,en,官方回应帖,FALSE,FALSE,FALSE,0,0,0,customer_service,official_post,0
2009967552374694156,@lululemon,2026-01-10T12:36:22.000Z,Imagine a bed for your feet.,2009967552374694156,,,en,官方回应帖,FALSE,FALSE,FALSE,2,1,0,product_promotion,official_post,0
2010172948372697312,@lululemon,2026-01-11T02:12:32.000Z,The waiting game is the hardest part.,2010172948372697312,,,en,官方回应帖,FALSE,FALSE,FALSE,1,0,1,brand_story,official_post,0
2010344644887056644,@lululemon,2026-01-11T13:34:48.000Z,"This isn't how we want to leave you. Send us a DM with your full name, email address, and order ID, so we can take a closer look an provide you with some support.",2010344644887056644,,@CooperPhil90325,en,官方回应帖,TRUE,FALSE,FALSE,1,1,1,customer_service,official_post,0
2010482178153669058,@lululemon,2026-01-11T22:41:18.000Z,"We hear you—this doesn't sit well with us. We'd be happy to chat about this further, and take a closer look into how we can best support. Feel free to send a PM our way at any time to continue the conversation.",2010482178153669058,,,en,官方回应帖,FALSE,FALSE,FALSE,0,0,0,customer_service,official_post,0
2010505887983731094,@lululemon,2026-01-12T00:15:31.000Z,"Our Design team typically keeps this information a surprise, so we never know which items will make a comeback on our virtual shelves. We encourage you to stay tuned to our website and sign up for our product notifications for new releases here: https://shop.lululemon.com/help/account/email-signup….",2010505887983731094,,,en,官方回应帖,FALSE,FALSE,FALSE,1,0,0,customer_service,official_post,0
2010692389896331440,@lululemon,2026-01-12T12:36:37.000Z,We like your taste. You can shop the Cotton Fleece Oversized Crew SLNSH Collection here: https://shop.lululemon.com/p/mens-jackets-and-hoodies-hoodies/Cotton-Fleece-Oversized-Crew-SLNSH-Collection-MD/_/prod20003478?color=71102….,2010692389896331440,,,en,官方回应帖,FALSE,FALSE,FALSE,1,0,0,product_promotion,official_post,0
2010822104984535055,@lululemon,2026-01-12T21:12:03.000Z,The answer you seek is just a click away: https://shop.lululemon.com/story/lululemon-and-fanatics?searchrd=true&searchterm=NFL….,2010822104984535055,,,en,官方回应帖,FALSE,FALSE,FALSE,2,2,0,product_promotion,official_post,0
2011250007115182193,@lululemon,2026-01-14T01:32:23.000Z,"We're sorry to hear that your experience was less than ideal. We'd love to look into this more for you. When you have a moment, if you could send us a PM with your full name, email address and a photo of the receipt. Once we have that, we can go from there.",2011250007115182193,,,en,官方回应帖,FALSE,FALSE,FALSE,0,0,0,customer_service,official_post,0
2011496964744233123,@lululemon,2026-01-14T17:53:42.000Z,We really appreciate you taking the time to share your experience. We’d love to connect directly to better understand what happened and see how we can support you. Send us a DM so we can chat further.,2011496964744233123,,,en,官方回应帖,FALSE,FALSE,FALSE,0,0,0,customer_service,official_post,0
2011567709730062501,@lululemon,2026-01-14T22:34:49.000Z,"We're disappointed to hear your gear still has the security sensor—definitely not the ideal accessory. Please send us a direct message with your full name, email address and order ID, so we can look into making things right.",2011567709730062501,,,en,官方回应帖,FALSE,FALSE,FALSE,3,0,0,customer_service,official_post,0
2011610131453395295,@lululemon,2026-01-15T01:23:23.000Z,"We'd love to dig into this. When you have some space, please feel free to send us a PM with your full name, email, and order ID.",2011610131453395295,,,en,官方回应帖,FALSE,FALSE,FALSE,1,1,0,customer_service,official_post,0
2011784026965884995,@lululemon,2026-01-15T12:54:23.000Z,"The Triple-Zip Backpack 28L Tech Canvas is a little larger than the one you've mentioned here and is quite versatile. Send us a private message, and we'll help you find the right backpack for your needs.",2011784026965884995,,,en,官方回应帖,FALSE,FALSE,FALSE,0,0,0,customer_service,official_post,0
2012617015979372830,@lululemon,2026-01-17T20:04:23.000Z,"This isn't the experience we want you to have, and we'd love to see how we can support. Please send a private message our way with your full name, email address, and order ID so we can get the ball rolling.",2012617015979372830,,,en,官方回应帖,FALSE,FALSE,FALSE,0,0,0,customer_service,official_post,0
2012862954421809610,@lululemon,2026-01-18T12:21:40.000Z,"The Team Canada Collection is currently available at lululemon stores and online throughout Canada only, but you never know what our Design team has up their sleeves to expand this reach.",2012862954421809610,,,en,官方回应帖,FALSE,FALSE,FALSE,0,0,0,product_promotion,official_post,0
2012916291368255820,@lululemon,2026-01-18T15:53:36.000Z,This definitely isn't what we like to hear. Send us a PM and we'll be happy to support you further.,2012916291368255820,,@tinselhag,en,官方回应帖,TRUE,FALSE,FALSE,3,1,0,customer_service,official_post,0
2012944427631702418,@lululemon,2026-01-18T17:45:24.000Z,We're still keeping an eye out for your private message—we'd love to lend a hand with your gear.,2012944427631702418,,,en,官方回应帖,FALSE,FALSE,FALSE,0,0,0,customer_service,official_post,0
2013442822121365537,@lululemon,2026-01-20T02:45:51.000Z,"We’re disappointed to hear your return experience wasn’t a great one, as this isn’t the standard we aim for. If you’d like to continue the conversation, please feel free to send us a PM with more details.",2013442822121365537,,,en,官方回应帖,FALSE,FALSE,FALSE,4,1,0,customer_service,official_post,0
2013708429593059578,@lululemon,2026-01-20T20:21:17.000Z,"This isn't what we like to hear. Send us a PM with your full name, email address, and a photo of the gift card when you have a moment, and we'd be happy to support with this.",2013708429593059578,,,en,官方回应帖,FALSE,FALSE,FALSE,1,2,0,customer_service,official_post,0
2013722370448708068,@lululemon,2026-01-20T21:16:40.000Z,"This certainly isn't what we like to hear. We'd be happy to chat about this further, and look into how we can best support. To further this conversation, please send us a direct message with your full name, order ID, and email address. We'll be on the lookout for your reply.",2013722370448708068,,@elliemayoliver,en,官方回应帖,TRUE,FALSE,FALSE,0,1,0,customer_service,official_post,0
2013722396172411260,@lululemon,2026-01-20T21:16:47.000Z,,2013722396172411260,,@elliemayoliver,,官方回应帖,TRUE,FALSE,FALSE,0,0,0,other,official_post,0
2014828866083471390,@lululemon,2026-01-23T22:33:30.000Z,Good call.,2014828866083471390,,,en,官方回应帖,FALSE,FALSE,FALSE,2,0,0,other,official_post,0
2014831975325192483,@lululemon,2026-01-23T22:45:51.000Z,"This isn't the experience we want for you. We'd be happy to chat about this further and take a closer look into how we can best support. Please feel free to send us a PM with your full name, email, and phone number to continue the conversation there.",2014831975325192483,,,en,官方回应帖,FALSE,FALSE,FALSE,0,0,0,customer_service,official_post,0
2016169483241713921,@lululemon,2026-01-27T15:20:38.000Z,"This isn't what we like to hear—while we don't have interchangeable pieces for our keychains, feel free to check out our Quality Promise: https://shop.lululemon.com/help/quality-promise…. You're also welcome to send us a PM to explore other options: https://x.com/messages/compose?recipient_id=16252784….",2016169483241713921,,@deskenkade,en,官方回应帖,TRUE,FALSE,FALSE,0,0,0,customer_service,official_post,0
2016358113293828564,@lululemon,2026-01-28T03:50:10.000Z,This doesn't sit well with us. We'd be happy to chat about this further and take a closer look into how we can best support you. Feel free to send a DM our way at any time to continue the conversation.,2016358113293828564,,,en,官方回应帖,FALSE,FALSE,FALSE,0,2,0,customer_service,official_post,0
2016488415597093277,@lululemon,2026-01-28T12:27:57.000Z,"Hi there, We understand you've experienced some issues with a recent order you've placed and would love to learn more. When you have a moment, please send us a direct message with your full name, email address, and order ID. Best, -Meg",2016488415597093277,,,en,官方回应帖,FALSE,FALSE,FALSE,0,0,0,customer_service,official_post,0
2016657441082266026,@lululemon,2026-01-28T23:39:36.000Z,We've got heart eyes for our Unisex Daily Essential Crew Socks Heart too. The best way to up to date with our restocks is to keep a close eye on our website and socials.,2016657441082266026,,,en,官方回应帖,FALSE,FALSE,FALSE,0,0,0,product_promotion,official_post,0
2016676410266702084,@lululemon,2026-01-29T00:54:58.000Z,"This isn't how we want to leave you, Heidi. Send us a DM, so we can chat about your options.",2016676410266702084,,,en,官方回应帖,FALSE,FALSE,FALSE,0,0,0,customer_service,official_post,0
2016944825652887862,@lululemon,2026-01-29T18:41:34.000Z,"Great question—our Design team likes to keep us on our toes for when we can expect gear to be restocked. We encourage you to stay tuned to the website for restock updates. In the meantime, we'll be sure to share this feedback with our Design team.",2016944825652887862,,,en,官方回应帖,FALSE,FALSE,FALSE,1,1,0,customer_service,official_post,0
2016981975769502060,@lululemon,2026-01-29T21:09:11.000Z,"We hear you have some questions and we'd love to lend a hand. To continue the conversation, please send us a private message to chat more.",2016981975769502060,,,en,官方回应帖,FALSE,FALSE,FALSE,0,0,0,customer_service,official_post,0
2017210132896362885,@lululemon,2026-01-30T12:15:48.000Z,This doesn't sit well with us—send us a message via Instagram or Facebook to continue the conversation.,2017210132896362885,,,en,官方回应帖,FALSE,FALSE,FALSE,7,6,1,customer_service,official_post,0
2017214673033306205,@lululemon,2026-01-30T12:33:50.000Z,"This isn't what we like to hear—please send us a DM with your order ID, full name, and email address so that we can take a closer look for you.",2017214673033306205,,@iGoluMolu,en,官方回应帖,TRUE,FALSE,FALSE,0,0,0,customer_service,official_post,0
2017260689853931754,@lululemon,2026-01-30T15:36:42.000Z,"This certainly isn't what we like to hear. We'd be happy to chat about this further, and take a closer look into how we can best support you, Maria. Whenever you have a chance, please send us a private message and we'd be happy to look more into this with you.",2017260689853931754,,@MariaElizabeth1,en,官方回应帖,TRUE,FALSE,FALSE,0,1,0,customer_service,official_post,0
2017260725824340240,@lululemon,2026-01-30T15:36:50.000Z,,2017260725824340240,,,,官方回应帖,FALSE,FALSE,FALSE,0,0,0,other,official_post,0
2017436532819554527,@lululemon,2026-01-31T03:15:26.000Z,"Thanks for taking the time to share this, Nick—it truly warms our hearts. We'll be sure to pass your wonderful feedback along. Wishing the happiest of birthdays to your daughter!",2017436532819554527,,,en,官方回应帖,FALSE,FALSE,FALSE,9,5,0,customer_service,official_post,0
2018524983799214358,@lululemon,2026-02-03T03:20:33.000Z,"The enlarged logo is exclusive to ambassadors, but you can check out our current golf assortment here: https://shop.lululemon.com/en-ca/c/men-golf-clothes/n11m2dzoxc7….",2018524983799214358,,,en,官方回应帖,FALSE,FALSE,FALSE,0,3,0,product_promotion,official_post,0
2018529878677819408,@lululemon,2026-02-03T03:40:00.000Z,"A package taking the scenic route isn't fun, and we'd love to take a deeper look into your order—send us a PM with your full name, email address and order ID.",2018529878677819408,,,en,官方回应帖,FALSE,FALSE,FALSE,1,0,0,customer_service,official_post,0
2018711270812504390,@lululemon,2026-02-03T15:40:47.000Z,"The Design team likes to keep us guessing when it comes to restocks and new launches, but you never know what the future might hold.",2018711270812504390,,,en,官方回应帖,FALSE,FALSE,FALSE,0,0,0,product_promotion,official_post,0
2018716415730356693,@lululemon,2026-02-03T16:01:14.000Z,"We hear you have some product questions, and we'd love to lend a hand. Send us a private message to chat more.",2018716415730356693,,,en,官方回应帖,FALSE,FALSE,FALSE,0,0,0,customer_service,official_post,0
2018737429738561713,@lululemon,2026-02-03T17:24:44.000Z,"We're proud to be Canadian and to be able to share that pride with our family across the border. With the games fast-approaching, it's possible we'll start seeing several items sell-out. Rest-assured, restocks are ongoing—be sure to check back for updates.",2018737429738561713,,@jorge_rdgz,en,官方回应帖,TRUE,FALSE,FALSE,0,0,0,brand_story,official_post,0
2018738837523230727,@lululemon,2026-02-03T17:30:19.000Z,"Depending on inventory levels across our warehouses, certain items may be more readily available at specific times. We encourage you to check back for restocks.",2018738837523230727,,@jorge_rdgz,en,官方回应帖,TRUE,FALSE,FALSE,0,0,0,customer_service,official_post,0
2018754378086379822,@lululemon,2026-02-03T18:32:05.000Z,The kit that doesn't miss.,2018754378086379822,,,en,官方回应帖,FALSE,FALSE,FALSE,1,0,1,product_promotion,official_post,0
2018846618104254522,@lululemon,2026-02-04T00:38:36.000Z,That's what we're saying.,2018846618104254522,,,en,官方回应帖,FALSE,FALSE,FALSE,3,6,0,other,official_post,0
2019096394062266426,@lululemon,2026-02-04T17:11:07.000Z,"This isn't what we like to see. When you have a moment, send us a PM, with your full name, email address, and the Order ID for these. Once we have this, we'd be happy to lend a hand.",2019096394062266426,,,en,官方回应帖,FALSE,FALSE,FALSE,0,0,0,customer_service,official_post,0
2019127630415667447,@lululemon,2026-02-04T19:15:15.000Z,The true test is putting the miles in.,2019127630415667447,,,en,官方回应帖,FALSE,FALSE,FALSE,0,0,0,brand_story,official_post,0
2019181279540048307,@lululemon,2026-02-04T22:48:26.000Z,"This isn't what we like to see—please send a PM with your full name, email, and order ID, so we can make this right.",2019181279540048307,,,en,官方回应帖,FALSE,FALSE,FALSE,0,1,0,customer_service,official_post,0
2019394444592914632,@lululemon,2026-02-05T12:55:28.000Z,"We hear you've been eyeing our Racket Bag 19L for some time, and although we don't have insight into the Design team's plans—we'll definitely pass along the request for an entirely black colourway.",2019394444592914632,,@rockn_rose,en,官方回应帖,TRUE,FALSE,FALSE,0,0,0,customer_service,official_post,0
2019418743550669278,@lululemon,2026-02-05T14:32:02.000Z,We can't wait to see you shine.,2019418743550669278,,,en,官方回应帖,FALSE,FALSE,FALSE,3,6,0,brand_story,official_post,0
2019472997904724358,@lululemon,2026-02-05T18:07:37.000Z,"We hear you, and we're happy to confirm that our Milano store will be carrying Team Canada gear during the the Games. We'd recommend popping in to confirm inventory as this gear will be moving fast.",2019472997904724358,,,en,官方回应帖,FALSE,FALSE,FALSE,1,1,0,customer_service,official_post,0
2019480714186747987,@lululemon,2026-02-05T18:38:17.000Z,"Your experience doesn't sit well with us, and we'd like to learn more about what happened. Please send us a private message with your name, email address, phone number, and any details regarding your experience that you're comfortable sharing.",2019480714186747987,,,en,官方回应帖,FALSE,FALSE,FALSE,1,0,0,customer_service,official_post,0
2019483588216197553,@lululemon,2026-02-05T18:49:42.000Z,"Your experience doesn't sit well with us, and we'd like to learn more about what happened. Please send us a private message with your name, email address, phone number, and any details regarding your experience that you're comfortable sharing.",2019483588216197553,,,en,官方回应帖,FALSE,FALSE,FALSE,0,0,0,customer_service,official_post,0
2019748266053960161,@lululemon,2026-02-06T12:21:26.000Z,We'll see what we can do.,2019748266053960161,,,en,官方回应帖,FALSE,FALSE,FALSE,1,0,0,customer_service,official_post,0
2019750425688428865,@lululemon,2026-02-06T12:30:01.000Z,"We'd be happy to lend a hand. Feel free to send us a PM with your full name, email address, and a bit more about what you're reaching out about. Once we have that, we can go from there.",2019750425688428865,,,en,官方回应帖,FALSE,FALSE,FALSE,0,0,0,customer_service,official_post,0
2019752110469120105,@lululemon,2026-02-06T12:36:42.000Z,"Truth is, our Design team is a secretive bunch—so keep an eye on the app or website, and select “Sold Out—Notify Me” to be the first to know when restocks drop.",2019752110469120105,,,en,官方回应帖,FALSE,FALSE,FALSE,0,0,0,product_promotion,official_post,0
2019827654409748566,@lululemon,2026-02-06T17:36:54.000Z,Being able to sweat together is a gift we'll never take for granted.,2019827654409748566,,,en,官方回应帖,FALSE,FALSE,FALSE,0,0,0,brand_story,official_post,0
2019832058160595318,@lululemon,2026-02-06T17:54:23.000Z,Only the best for the best.,2019832058160595318,,,en,官方回应帖,FALSE,FALSE,FALSE,4,0,0,product_promotion,official_post,0
2019859974453961058,@lululemon,2026-02-06T19:45:19.000Z,"Cut from the cold, designed from the heart.",2019859974453961058,,,en,官方回应帖,FALSE,FALSE,FALSE,8,7,0,brand_story,official_post,0
2019869882834382979,@lululemon,2026-02-06T20:24:42.000Z,The snow isn't ready for us.,2019869882834382979,,,en,官方回应帖,FALSE,FALSE,FALSE,21,5,0,brand_story,official_post,0
2019870019686133808,@lululemon,2026-02-06T20:25:14.000Z,Canadian made and slayed.,2019870019686133808,,,en,官方回应帖,FALSE,FALSE,FALSE,21,2,2,brand_story,official_post,0
2019870208476033105,@lululemon,2026-02-06T20:25:59.000Z,Inspired by the Great White North.,2019870208476033105,,,en,官方回应帖,FALSE,FALSE,FALSE,3,10,0,brand_story,official_post,0
2019870531919790135,@lululemon,2026-02-06T20:27:16.000Z,*Cue the standing ovation*,2019870531919790135,,,en,官方回应帖,FALSE,FALSE,FALSE,3,10,0,other,official_post,0
2019871254711529715,@lululemon,2026-02-06T20:30:09.000Z,He's in a True North state of mind.,2019871254711529715,,,en,官方回应帖,FALSE,FALSE,FALSE,3,2,0,brand_story,official_post,0
2019871367303426307,@lululemon,2026-02-06T20:30:36.000Z,Cue the maple syrup.,2019871367303426307,,,en,官方回应帖,FALSE,FALSE,FALSE,4,3,0,brand_story,official_post,0
2020192242322096144,@lululemon,2026-02-07T17:45:38.000Z,"Our gear is going fast, so be sure keep an eye out for restocks, and we'd recommend connecting with your local store to see the availability there.",2020192242322096144,,,en,官方回应帖,FALSE,FALSE,FALSE,0,1,0,product_promotion,official_post,0
2020196121029783634,@lululemon,2026-02-07T18:01:03.000Z,"our Team Canada Future Legacy Warm Revelation Beanie was there once upon a time, but flew off our shelves. You can find all available Team Canada gear on our website and app.",2020196121029783634,,,en,官方回应帖,FALSE,FALSE,FALSE,0,1,0,product_promotion,official_post,0
2020216831399849999,@lululemon,2026-02-07T19:23:21.000Z,You never know what your local store may have in stock of the Team Canada gear—give them a call: https://shop.lululemon.com/en-ca/stores?searchrd=true&searchterm=store%20locator….,2020216831399849999,,,en,官方回应帖,FALSE,FALSE,FALSE,0,2,0,product_promotion,official_post,0
2020220547343540231,@lululemon,2026-02-07T19:38:07.000Z,Sharing is very Canadian.,2020220547343540231,,,en,官方回应帖,FALSE,FALSE,FALSE,0,1,0,brand_story,official_post,0
2020224884954263706,@lululemon,2026-02-07T19:55:21.000Z,We can certainly pass this along to our Design team. Stay tuned on our app or website for all the latest new arrivals dropping weekly.,2020224884954263706,,,en,官方回应帖,FALSE,FALSE,FALSE,1,2,0,customer_service,official_post,0
2020308968955081034,@lululemon,2026-02-08T01:29:28.000Z,Brining the heat from the True North.,2020308968955081034,,,en,官方回应帖,FALSE,FALSE,FALSE,1,5,0,brand_story,official_post,0
2020542608733573621,@lululemon,2026-02-08T16:57:52.000Z,"This isn't what we like to see, and we'd love to support you with your bag. Send us a direct message, and we can dig into this from there.",2020542608733573621,,,en,官方回应帖,FALSE,FALSE,FALSE,0,0,0,customer_service,official_post,0
2020544362854355157,@lululemon,2026-02-08T17:04:50.000Z,"This definitely isn't sitting well with us. When you have the chance, send us a private message and we'll be happy to continue the chat with you there.",2020544362854355157,,,en,官方回应帖,FALSE,FALSE,FALSE,0,0,0,customer_service,official_post,0
2020616271197577609,@lululemon,2026-02-08T21:50:34.000Z,"While select items are only available to Team Canada athletes, you'll find the full lululemon x Team Canada assortment available for purchase in-store and online.",2020616271197577609,,@krisster8,en,官方回应帖,TRUE,FALSE,FALSE,1,3,0,product_promotion,official_post,0
2020666097528377696,@lululemon,2026-02-09T01:08:34.000Z,"We're disappointed to hear your gear still has the security sensor. Please send us a direct message with your full name, email address, and a proof of purchase, so we can look into making things right.",2020666097528377696,,,en,官方回应帖,FALSE,FALSE,FALSE,5,0,0,customer_service,official_post,0
2021199787387912505,@lululemon,2026-02-10T12:29:16.000Z,We'll see what we can do.,2021199787387912505,,,en,官方回应帖,FALSE,FALSE,FALSE,12,2,2,customer_service,official_post,0
2021379993503404501,@lululemon,2026-02-11T00:25:20.000Z,We'll see you in August.,2021379993503404501,,@jush1nsley,en,官方回应帖,TRUE,FALSE,FALSE,3,0,2,community_engagement,official_post,0
2021414028929880089,@lululemon,2026-02-11T02:40:35.000Z,"We hear you, and would love to take a closer look at what happened. We've sent you a DM to continue the conversation there.",2021414028929880089,,,en,官方回应帖,FALSE,FALSE,FALSE,0,0,0,customer_service,official_post,1
2021424685381189759,@lululemon,2026-02-11T03:22:55.000Z,We're counting down.,2021424685381189759,,,en,官方回应帖,FALSE,FALSE,FALSE,0,0,0,community_engagement,official_post,0
2021951421856592141,@lululemon,2026-02-12T14:15:59.000Z,"That's a great question. The Team Canada x lululemon collection is available online, and Future Legacy products are available in all Canadian stores.",2021951421856592141,,"[""@krisster8""]",en,A-整体讨论,TRUE,FALSE,FALSE,0,0,0,customer_service,official_post,0
2021951694138224680,@lululemon,2026-02-12T14:17:04.000Z,"This isn't sitting well with us. When you have a moment, send a private message our way and we'll be happy to continue the chat with you there.",2021951694138224680,,,en,官方回应帖,FALSE,FALSE,FALSE,0,1,0,customer_service,official_post,0
2021997064192971093,@lululemon,2026-02-12T17:17:21.000Z,Cheering from home has never felt more festive.,2021997064192971093,,@brwnguiItyeyes @sophbridgerton,en,官方回应帖,TRUE,FALSE,FALSE,1,1,0,community_engagement,official_post,0
2022681674853879962,@lululemon,2026-02-14T14:37:45.000Z,"Thanks for sharing this information. For further assistance, feel free to send us a private message. We'll be on the lookout for your reply.",2022681674853879962,,,en,官方回应帖,FALSE,FALSE,FALSE,0,0,0,customer_service,official_post,0
2022722484588655038,@lululemon,2026-02-14T17:19:55.000Z,We'd be happy to chat about this further and take a closer look into how we can best support you. Feel free to send a DM our way at any time to continue the conversation.,2022722484588655038,,,en,官方回应帖,FALSE,FALSE,FALSE,0,0,0,customer_service,official_post,0
2022820163658407958,@lululemon,2026-02-14T23:48:03.000Z,"This isn’t the experience we intended for you, and we’d love the opportunity to support. When you have a moment, please send us a DM with your full name, email address, and proof of purchase, and we’ll be happy to share next steps.",2022820163658407958,,,en,官方回应帖,FALSE,FALSE,FALSE,1,0,0,customer_service,official_post,0
2023379568225321338,@lululemon,2026-02-16T12:50:56.000Z,"Hearing this isn't sitting right with us. When you have a moment, please send us a PM with your full name, email address, and order ID. We'd be happy to support you.",2023379568225321338,,,en,官方回应帖,FALSE,FALSE,FALSE,0,0,0,customer_service,official_post,0
2023552094691877086,@lululemon,2026-02-17T00:16:29.000Z,"We understand this situation has been disappointing. Please feel free to send us a DM, and we can look into the issue further for you.",2023552094691877086,,,en,官方回应帖,FALSE,FALSE,FALSE,0,0,0,customer_service,official_post,0
2023596187757277580,@lululemon,2026-02-17T03:11:42.000Z,We'd be happy to chat about this further and take a closer look into how we can best support you. Feel free to send a DM our way at any time to continue the conversation.,2023596187757277580,,,en,官方回应帖,FALSE,FALSE,FALSE,0,0,0,customer_service,official_post,0
2023596341021340078,@lululemon,2026-02-17T03:12:18.000Z,We'd be happy to chat about this further and take a closer look into how we can best support you. Feel free to send a DM our way at any time to continue the conversation.,2023596341021340078,,,en,官方回应帖,FALSE,FALSE,FALSE,1,0,0,customer_service,official_post,0
2023794565044736500,@lululemon,2026-02-17T16:19:59.000Z,"We definitely don't like hearing that your previous experience left you feeling unsupported, so we'd love to look into this further. Send us a PM with your full name, email address, and order ID, and we'll be happy to dig into this for you.",2023794565044736500,,@3111sp,en,官方回应帖,TRUE,FALSE,FALSE,0,1,0,customer_service,official_post,0
2023794812919697907,@lululemon,2026-02-17T16:20:58.000Z,"This certainly isn't what we like to hear. Send us a PM with your full name, email address, and order ID, and we'll be happy to look into this further for you.",2023794812919697907,,@insjobdoc,en,官方回应帖,TRUE,FALSE,FALSE,0,0,0,customer_service,official_post,0
2023808533293395974,@lululemon,2026-02-17T17:15:29.000Z,"We appreciate your quick response, and we'd love to continue the conversation—please feel free to send us a message via DM when you get a chance and we'll be happy to continue the conversation there.",2023808533293395974,,@3111sp,en,官方回应帖,TRUE,FALSE,FALSE,0,0,0,customer_service,official_post,0
2023846048461189394,@lululemon,2026-02-17T19:44:33.000Z,"We hear your order has hit a few bumps along the way, and we'd love to take a look. To chat, feel free to send us a PM with your order ID, full name, and email address:",2023846048461189394,,@glns_m50560,en,官方回应帖,TRUE,FALSE,FALSE,0,0,0,customer_service,official_post,0
2023847164544512189,@lululemon,2026-02-17T19:48:59.000Z,"This isn't the experience we want for you, and we'd love to dig into this for you. Please send us a PM with your full name, email address, and order ID, and we'll be happy to support you further.",2023847164544512189,,,en,官方回应帖,FALSE,FALSE,FALSE,0,0,0,customer_service,official_post,0
2023905057956307350,@lululemon,2026-02-17T23:39:02.000Z,"We’re always grateful for thoughtful feedback, and this is definitely one of them. We’ll be sure to share this with our Design team, so they know you’d love to see the backpack straps added.",2023905057956307350,,,en,官方回应帖,FALSE,FALSE,FALSE,1,0,0,customer_service,official_post,0
2024900118357704745,@lululemon,2026-02-20T17:33:03.000Z,"While we’re not in the practice of gifting gear, you can shop our Team Canada collection on our website and app now: https://shop.lululemon.com/c/team-canada/n1bvxg?searchrd=true&searchterm=team%20canada…",2024900118357704745,,"[""@Cruiserk""]",en,A-整体讨论,TRUE,FALSE,FALSE,10,6,0,product_promotion,official_post,0
2024928431910334657,@lululemon,2026-02-20T19:25:34.000Z,"We'd be happy to lend a hand with your order. Please DM us on Instagram or send a private message through Facebook. Include your full name, email, order ID, and we'll take a closer look. We'll be watching for your message.",2024928431910334657,,,en,官方回应帖,FALSE,FALSE,FALSE,0,1,0,customer_service,official_post,0
2025189974006726888,@lululemon,2026-02-21T12:44:50.000Z,"While select items are only available to Team Canada athletes, you'll find the full lululemon x Team Canada assortment available for purchase in-store and online. Head over to our website for more details.",2025189974006726888,,"[""@jakemoone13""]",en,A-整体讨论,TRUE,FALSE,FALSE,0,0,0,product_promotion,official_post,0
2025326091876118873,@lululemon,2026-02-21T21:45:43.000Z,We'll see what we can do.,2025326091876118873,,,en,官方回应帖,FALSE,FALSE,FALSE,4,2,0,customer_service,official_post,0
2025394805766062200,@lululemon,2026-02-22T02:18:46.000Z,"We'd be happy to chat about this further, and look into how we can best support. To further this conversation, we've followed up with you via direct message and can continue chatting there.",2025394805766062200,,,en,官方回应帖,FALSE,FALSE,FALSE,1,1,0,customer_service,official_post,0
2026019205884383605,@lululemon,2026-02-23T19:39:54.000Z,"We’d like to look into this further for you, Kevin. When you can, please reach out via private message with your order ID, email address, and full name so we can help sort this out.",2026019205884383605,,,en,官方回应帖,FALSE,FALSE,FALSE,0,0,0,customer_service,official_post,0
2026390419114963066,@lululemon,2026-02-24T20:14:59.000Z,"This certainly isn't sitting well with us. When you have a moment, send us a private message with your full name, email address, and order ID. We're happy continue the chat with you there.",2026390419114963066,,,en,官方回应帖,FALSE,FALSE,FALSE,1,0,2,customer_service,official_post,0
2027830513877323882,@lululemon,2026-02-28T19:37:24.000Z,"This certainly isn't what we like to hear. We'd be happy to chat about this further, and take a closer look into how we can best support. To further this conversation, whenever you have a chance, please send us a private message. We'll be on the lookout for your reply.",2027830513877323882,,@milasfland,en,官方回应帖,TRUE,FALSE,FALSE,2,0,0,customer_service,official_post,0
2027830547624694165,@lululemon,2026-02-28T19:37:32.000Z,,2027830547624694165,,,,官方回应帖,FALSE,FALSE,FALSE,0,0,0,other,official_post,0
2028120594349466088,@lululemon,2026-03-01T14:50:05.000Z,That portrait is a real family flex.,2028120594349466088,,,en,官方回应帖,FALSE,FALSE,FALSE,8,0,2,community_engagement,official_post,0
2028127823211467016,@lululemon,2026-03-01T15:18:48.000Z,"We're disappointed to hear that you haven't received your gear. Send us a PM with your full name, email address, and order ID and we'll be happy to look into this for you.",2028127823211467016,,,en,官方回应帖,FALSE,FALSE,FALSE,1,1,0,customer_service,official_post,0
2028140444811682060,@lululemon,2026-03-01T16:08:57.000Z,"This isn't the experience we want you to have. When you get a moment, send a private message our way with your full name, email address, and phone number. We're happy to continue the chat with you there.",2028140444811682060,,,en,官方回应帖,FALSE,FALSE,FALSE,1,0,0,customer_service,official_post,0
2028220273036808454,@lululemon,2026-03-01T21:26:10.000Z,Community looks good on you.,2028220273036808454,,,en,官方回应帖,FALSE,FALSE,FALSE,3,0,0,brand_story,official_post,0
2028614444612534442,@lululemon,2026-03-02T23:32:28.000Z,"We hear you're looking to identify your favourite pants—when you have a moment, send us a PM and we'd love to support.",2028614444612534442,,,en,官方回应帖,FALSE,FALSE,FALSE,1,0,0,customer_service,official_post,0
2029020651764449335,@lululemon,2026-03-04T02:26:35.000Z,The kind of closet we love to see.,2029020651764449335,,,en,官方回应帖,FALSE,FALSE,FALSE,9,0,0,community_engagement,official_post,0
2029243851249205323,@lululemon,2026-03-04T17:13:30.000Z,We love neon and think bright colours are perfect for summer. We'll share your request with the Design team.,2029243851249205323,,,en,官方回应帖,FALSE,FALSE,FALSE,1,0,0,community_engagement,official_post,0
2030088357125165089,@lululemon,2026-03-07T01:09:16.000Z,Colour-matching dreams noted.,2030088357125165089,,,en,官方回应帖,FALSE,FALSE,FALSE,5,1,0,community_engagement,official_post,0
2030300312909881796,@lululemon,2026-03-07T15:11:30.000Z,"This certainly isn't what we like to hear, and we'd be happy to help guide you in the right direction. When you have a moment, please send us a private message and we can continue the conversation there.",2030300312909881796,,@maggiearchibald,en,官方回应帖,TRUE,FALSE,FALSE,1,0,0,customer_service,official_post,0
2030300392698052924,@lululemon,2026-03-07T15:11:49.000Z,,2030300392698052924,,,,官方回应帖,FALSE,FALSE,FALSE,0,0,0,other,official_post,0
2030332869806354558,@lululemon,2026-03-07T17:20:52.000Z,The obsession is mutual.,2030332869806354558,,@TamaraJenele,en,官方回应帖,TRUE,FALSE,FALSE,1,0,0,brand_story,official_post,0
2030971693200802075,@lululemon,2026-03-09T11:39:19.000Z,"We love your idea here. Be sure to stay tuned to our website for all the latest, you can shop our virtual shelves in the meantime here: https://lululemon.com.hk/en-in/home?locale=en_HK&sl=IN…. If any other questions come up, we're just a direct message away. Best, -Meg",2030971693200802075,,,en,官方回应帖,FALSE,FALSE,FALSE,2,0,0,customer_service,official_post,0
2031150265714487435,@lululemon,2026-03-09T23:28:54.000Z,"We're here to help—send us a private message with all the details (order or return ID, your full name, email address, and any other relevant information).",2031150265714487435,,,en,官方回应帖,FALSE,FALSE,FALSE,1,0,0,customer_service,official_post,0
2031551436635648099,@lululemon,2026-03-11T02:03:01.000Z,"That shirt is safe to place in the dryer—we recommend tumble dry on low. Low heat helps maintain the fabric’s smooth feel, keeps the shape, and gives you that wrinkle‑free finish described.",2031551436635648099,,@olouie,en,官方回应帖,TRUE,FALSE,FALSE,1,1,0,customer_service,official_post,0
2031760952681730115,@lululemon,2026-03-11T15:55:34.000Z,Let the countdown (and cardio) begin.,2031760952681730115,,@livviamarie,en,官方回应帖,TRUE,FALSE,FALSE,3,1,0,product_promotion,official_post,0
2031895095457591697,@lululemon,2026-03-12T00:48:36.000Z,Serving wild confidence.,2031895095457591697,,@LilBearieSF,en,官方回应帖,TRUE,FALSE,FALSE,2,0,0,brand_story,official_post,0
2031897043665633574,@lululemon,2026-03-12T00:56:20.000Z,We wish we could spill—but the leopard magic is still under wraps.,2031897043665633574,,,en,官方回应帖,FALSE,FALSE,FALSE,0,0,0,product_promotion,official_post,0
2032283608359321778,@lululemon,2026-03-13T02:32:24.000Z,Welcome to the wild side.,2032283608359321778,,,en,官方回应帖,FALSE,FALSE,FALSE,0,0,0,product_promotion,official_post,0
2032576294706360787,@lululemon,2026-03-13T21:55:26.000Z,"We'd be happy to lend a hand with best practices for cleaning your backpack. When you have a minute, please send us a DM on Instagram and we can continue the conversation there.",2032576294706360787,,@Mehtanubhav,en,官方回应帖,TRUE,FALSE,FALSE,0,1,0,customer_service,official_post,0
2032840736937488629,@lululemon,2026-03-14T15:26:14.000Z,"This certainly isn't what we like to hear. We'd be happy to chat about this further, and take a closer look into how we can best support. To further this conversation, whenever you have a chance, please send us a private message. We'll be on the lookout for your reply.",2032840736937488629,,@popealoysius,en,官方回应帖,TRUE,FALSE,FALSE,0,1,0,customer_service,official_post,0
2032840775718125871,@lululemon,2026-03-14T15:26:23.000Z,,2032840775718125871,,@popealoysius,,官方回应帖,TRUE,FALSE,FALSE,1,1,0,other,official_post,0
2032890222934188087,@lululemon,2026-03-14T18:42:53.000Z,"We'd be happy to lend a hand, and see what's possible on our end. When you have a moment, feel free to send us a PM with your full name, email address, and a photo of the gift card number.",2032890222934188087,,,en,官方回应帖,FALSE,FALSE,FALSE,0,0,0,customer_service,official_post,0
2032895075219550689,@lululemon,2026-03-14T19:02:09.000Z,We'd be happy to chat about this further and take a closer look into how we can best support you. Feel free to send a DM our way at any time to continue the conversation.,2032895075219550689,,,en,官方回应帖,FALSE,FALSE,FALSE,0,0,0,customer_service,official_post,0
2033274704627384537,@lululemon,2026-03-15T20:10:40.000Z,"This isn't what we like to hear. Feedback is at the heart of what we do—feel free to send us a PM with your full name, email address, and phone number, so we can continue the conversation.",2033274704627384537,,,en,官方回应帖,FALSE,FALSE,FALSE,0,1,1,customer_service,official_post,0
2034298135443640765,@lululemon,2026-03-18T15:57:25.000Z,You had us at bubblegum pink. Sending this to the Design team.,2034298135443640765,,,en,官方回应帖,FALSE,FALSE,FALSE,0,1,0,community_engagement,official_post,0
2035016253958730192,@lululemon,2026-03-20T15:30:58.000Z,"We understand that your gear hasn’t lived up to your expectations, and we’d love to make this right. At lululemon, we offer a Quality Promise—if there’s a manufacturing or performance issue, we’re happy to take a look. We invite you to learn more here: https://shop.lululemon.com/en-ca/help/quality-promise….",2035016253958730192,,"[""@knight0755""]",en,A-整体讨论,TRUE,FALSE,FALSE,0,1,0,customer_service,official_post,0
2035072528440533017,@lululemon,2026-03-20T19:14:35.000Z,Cheering on your favourite team in four-way stretch is the ultimate watching experience.,2035072528440533017,,,en,官方回应帖,FALSE,FALSE,FALSE,1,1,0,product_promotion,official_post,0
2035092994152685922,@lululemon,2026-03-20T20:35:54.000Z,Promise we’re not going anywhere—more men’s gear is loading.,2035092994152685922,,,en,官方回应帖,FALSE,FALSE,FALSE,0,1,0,product_promotion,official_post,0
2035313082671788086,@lululemon,2026-03-21T11:10:27.000Z,"We'd be happy help direct you to the right place. When you have a moment, if you could send us a PM with your full name, email address, and where you're located. Once I have that, we can go from there.",2035313082671788086,,@knight0755,en,官方回应帖,TRUE,FALSE,FALSE,0,0,0,customer_service,official_post,0
2035820596190486936,@lululemon,2026-03-22T20:47:08.000Z,The journey keeps getting better.,2035820596190486936,,,en,官方回应帖,FALSE,FALSE,FALSE,2,1,0,brand_story,official_post,0
2036114603021930957,@lululemon,2026-03-23T16:15:25.000Z,"We understand you've been patiently waiting for your package to arrive, and we can only imagine how you're feeling. When you have a moment, please send us a private message with your full name, email address, and order ID.",2036114603021930957,,,en,官方回应帖,FALSE,FALSE,FALSE,0,1,0,customer_service,official_post,0
2036415539132989869,@lululemon,2026-03-24T12:11:13.000Z,We’d be happy to chat about this further and take a closer look at how we can best support. Feel free to send a PM our way to continue the conversation.,2036415539132989869,,,en,官方回应帖,FALSE,FALSE,FALSE,0,0,0,customer_service,official_post,0
2036871792175046942,@lululemon,2026-03-25T18:24:13.000Z,"None of this sits well with us and we'd like to dig into things on our end. If you're open to it, please send a PM our way with your full name, email, and order ID.",2036871792175046942,,,en,官方回应帖,FALSE,FALSE,FALSE,0,0,0,customer_service,official_post,0
2036913978853777433,@lululemon,2026-03-25T21:11:51.000Z,"Great question, please send us a message so we can share all the SeaWheeze details: https://x.com/messages/compose?recipient_id=16252784….",2036913978853777433,,,en,官方回应帖,FALSE,FALSE,FALSE,0,0,0,customer_service,official_post,0
2037236906963181628,@lululemon,2026-03-26T18:35:03.000Z,"I appreciate you sharing your experience, Sandy. Whenever you have a chance, please send us a private message with your full name, email address, and phone number. We'll be happy to support you further then.",2037236906963181628,,,en,官方回应帖,FALSE,FALSE,FALSE,0,0,0,customer_service,official_post,0
2037353570975240465,@lululemon,2026-03-27T02:18:38.000Z,We'd be happy to chat about this further and take a closer look into how we can best support you. Feel free to send a DM our way at any time to continue the conversation.,2037353570975240465,,,en,官方回应帖,FALSE,FALSE,FALSE,0,0,0,customer_service,official_post,0
2037584773905039856,@lululemon,2026-03-27T17:37:21.000Z,You gotta start with a strong foundation.,2037584773905039856,,@4anairb,en,官方回应帖,TRUE,FALSE,FALSE,1,0,1,other,official_post,0
2037704599864549600,@lululemon,2026-03-28T01:33:29.000Z,"We definitely don't like to hear that your package is taking longer than expected. Send us a PM with your full name, email address, and order ID, and we'll be happy to look into this for you.",2037704599864549600,,,en,官方回应帖,FALSE,FALSE,FALSE,0,0,0,customer_service,official_post,0
2037922665886097881,@lululemon,2026-03-28T16:00:00.000Z,"Thanks for the heads up, Mari. We'll pass this along to the appropriate team.",2037922665886097881,,,en,官方回应帖,FALSE,FALSE,FALSE,0,0,0,customer_service,official_post,0
2039403638045745320,@lululemon,2026-04-01T18:04:52.000Z,"We appreciate you bringing this to our attenion, and would love to point you in the right direction. Please send us a DM so we can support further.",2039403638045745320,,,en,官方回应帖,FALSE,FALSE,FALSE,0,0,0,customer_service,official_post,0
2039750354951385498,@lululemon,2026-04-02T17:02:36.000Z,"We hear you're waiting on an order, and we're committed to getting your gear to you within our shipping timelines of 2-7 business days. If you're looking for additional support, please send us a DM with your order number, full name, and email address:",2039750354951385498,,@shaneborek,en,官方回应帖,TRUE,FALSE,FALSE,0,0,0,customer_service,official_post,0
2040384747101417810,@lululemon,2026-04-04T11:03:26.000Z,Relationships everywhere will thank you later.,2040384747101417810,,,en,官方回应帖,FALSE,FALSE,FALSE,0,1,0,brand_story,official_post,0
2040588114411004077,@lululemon,2026-04-05T00:31:33.000Z,"This isn't what we like to hear. Feel free to send us a PM with your full name, email address, and phone number, so we can continue the conversation.",2040588114411004077,,,en,官方回应帖,FALSE,FALSE,FALSE,0,0,0,customer_service,official_post,0
2040596328565367025,@lululemon,2026-04-05T01:04:11.000Z,Our Design team likes to keep us guessing—stay tuned on our app or website for all the latest arrivals dropping weekly.,2040596328565367025,,,en,官方回应帖,FALSE,FALSE,FALSE,1,0,0,product_promotion,official_post,0
2040845613072536034,@lululemon,2026-04-05T17:34:45.000Z,"Our Design team keeps the best secrets, so we never know what the future will hold. Stay tuned to our website and app for all the latest new arrivals.",2040845613072536034,,@HET______,en,官方回应帖,TRUE,FALSE,FALSE,1,1,0,product_promotion,official_post,0
2040871005825163656,@lululemon,2026-04-05T19:15:39.000Z,"We hear your most recent orders have been cancelled, and we'd love to dig into this for you. Feel free to send us a private message with your full name, email address, and order ID.",2040871005825163656,,,en,官方回应帖,FALSE,FALSE,FALSE,0,0,0,customer_service,official_post,0
2041227653802569994,@lululemon,2026-04-06T18:52:51.000Z,"We understand that your gear arrived with the security tag attached, and know this isn't ideal. Feel free to send us a PM with your full name, order ID, and email so we can look into this for you.",2041227653802569994,,,en,官方回应帖,FALSE,FALSE,FALSE,1,0,0,customer_service,official_post,0
2041325963951419589,@lululemon,2026-04-07T01:23:30.000Z,We hear you're looking for pockets and space galore: https://shop.lululemon.com/en-ca/p/bags/City-Essentials-Bag-25L/_/prod11680345?color=0001…. We're a private message away if you'd like to chat more recs. https://x.com/messages/compose?recipient_id=16252784…,2041325963951419589,,,en,官方回应帖,FALSE,FALSE,FALSE,1,0,0,product_promotion,official_post,0
2041480075594584373,@lululemon,2026-04-07T11:35:53.000Z,"An unexpected swap isn't the experience we want for you. Please send us a DM including your full name, email address, and order ID, so we can offer more support.",2041480075594584373,,,en,官方回应帖,FALSE,FALSE,FALSE,0,1,0,customer_service,official_post,0
2041569641047454107,@lululemon,2026-04-07T17:31:47.000Z,We'll be sure to let our Design team know. Stay tuned to our app or website for new gear dropping weekly.,2041569641047454107,,,en,官方回应帖,FALSE,FALSE,FALSE,1,0,0,customer_service,official_post,0
2041582819986862131,@lululemon,2026-04-07T18:24:09.000Z,"Serving swings, smiles, and elite belt bag energy.",2041582819986862131,,,en,官方回应帖,FALSE,FALSE,FALSE,1,0,0,product_promotion,official_post,0
2042028766885769646,@lululemon,2026-04-08T23:56:11.000Z,"We don’t like hearing that your package was delivered to the wrong address. Please send us a PM with your order ID, full name, and email address, and we’ll be happy to look into this for you.",2042028766885769646,,,en,官方回应帖,FALSE,FALSE,FALSE,0,0,0,customer_service,official_post,0
2042224599761592444,@lululemon,2026-04-09T12:54:21.000Z,Hey there—feel free to send us a DM and let us know how we can help.,2042224599761592444,,@_GODDESSJAI_,en,官方回应帖,TRUE,FALSE,FALSE,0,1,0,customer_service,official_post,0
2042344807461540216,@lululemon,2026-04-09T20:52:01.000Z,We'd recommend our Beyondfeel Running Shoe for its pressure-mapped outsole with high-abrasion rubber for flexibility and traction—feel free to slide into our DMs for additional support.,2042344807461540216,,@yourbcagent,en,官方回应帖,TRUE,FALSE,FALSE,0,0,0,customer_service,official_post,0
2042373671713751111,@lululemon,2026-04-09T22:46:43.000Z,"We recognize that your experience didn’t meet expectations, and we’d love to talk further. If you're open to continuing the conversation, feel free to send us a direct message.",2042373671713751111,,,en,官方回应帖,FALSE,FALSE,FALSE,0,0,0,customer_service,official_post,0
2043741117989171446,@lululemon,2026-04-13T17:20:28.000Z,"Delayed refunds are fun for no one. Send a PM our way with your full name, order ID, and email address so that we can take a look and help get this sorted out for you.",2043741117989171446,,,en,官方回应帖,FALSE,FALSE,FALSE,1,1,0,customer_service,official_post,0
2044132623052878244,@lululemon,2026-04-14T19:16:10.000Z,"We hear you're waiting on an order, and we're committed to getting your gear to you within our shipping timelines of 2-7 business days. If you're looking for additional support, please send us a DM with your order number, full name, and email address:",2044132623052878244,,,en,官方回应帖,FALSE,FALSE,FALSE,0,0,0,customer_service,official_post,0
2044140930190717317,@lululemon,2026-04-14T19:49:10.000Z,"We hear you're still waiting on your package, and we'd love to provide an update. To chat, send us a PM:",2044140930190717317,,,en,官方回应帖,FALSE,FALSE,FALSE,2,1,0,customer_service,official_post,0
2044522175185723893,@lululemon,2026-04-15T21:04:06.000Z,"We hear you—in that case, please DM us with your phone number, full name, and email address for verification.",2044522175185723893,,,en,官方回应帖,FALSE,FALSE,FALSE,0,1,0,customer_service,official_post,0
2044581973050732987,@lululemon,2026-04-16T01:01:43.000Z,"We strive to provide the best online ordering experience, and your impression doesn't sit well with us. Please send us a private message with your name, email address, and order number, so we can dig into this:",2044581973050732987,,,en,官方回应帖,FALSE,FALSE,FALSE,0,2,0,customer_service,official_post,0
2044594434952835141,@lululemon,2026-04-16T01:51:14.000Z,"Thanks for flagging this order. It's disappointing to find a security tag and items in less than pristine condition. We'd love to turn this experience around. Please send a private message our way with your full name, email address, and order ID.",2044594434952835141,,,en,官方回应帖,FALSE,FALSE,FALSE,0,1,0,customer_service,official_post,0
2046342886699245970,@lululemon,2026-04-20T21:38:58.000Z,"We appreciate you for taking the time to share your feedback with us. We're so glad to know you felt supported in your recent call with the Guest Education Centre. If anything happens in the future, you know where to find us.",2046342886699245970,,@peytonhanko,en,官方回应帖,TRUE,FALSE,FALSE,1,0,1,customer_service,official_post,0
2046411170081599973,@lululemon,2026-04-21T02:10:18.000Z,"We hear you're experiencing a hiccup with your lululemon gift cards, and we'd love to dig into this. Feel free to send us a PM with your full name, email address, and phone number.",2046411170081599973,,"[""@AshmitaDos65325""]",en,A-整体讨论,TRUE,FALSE,FALSE,0,1,0,customer_service,official_post,0
2046564040982630751,@lululemon,2026-04-21T12:17:45.000Z,"I appreciate you reaching out about your experience, Lydia. Please send us a private message with your full name, email address, and phone number. We'd be happy to take a deeper dive into your request.",2046564040982630751,,,en,官方回应帖,FALSE,FALSE,FALSE,0,0,0,customer_service,official_post,0
2046654809999307214,@lululemon,2026-04-21T18:18:26.000Z,"Thank you for circling back with us. We appreciate your transparency about this issue with your gift cards and we'd love to support. Please send us a PM with your full name, email address, and phone number—we'll be able to do some digging once we hear from you in our PMs.",2046654809999307214,,,en,官方回应帖,FALSE,FALSE,FALSE,0,0,0,customer_service,official_post,0
2046738332307390829,@lululemon,2026-04-21T23:50:19.000Z,"Security tags on gear is an accessory we never want to see left behind. Send us a private message with your Order ID, full name, and email address so that we can lend a hand.",2046738332307390829,,@maggiearchibald,en,官方回应帖,TRUE,FALSE,FALSE,0,0,0,customer_service,official_post,0
2046987349322867026,@lululemon,2026-04-22T16:19:49.000Z,"That definitely isn't ideal—please send us a DM with your order ID, email address, and full name, so that we can support further.",2046987349322867026,,,en,官方回应帖,FALSE,FALSE,FALSE,0,1,0,customer_service,official_post,0
2047131489150910732,@lululemon,2026-04-23T01:52:35.000Z,Centered and ready for the journey yet ahead.,2047131489150910732,,,en,官方回应帖,FALSE,FALSE,FALSE,1,0,1,brand_story,official_post,0
2047726401663688746,@lululemon,2026-04-24T17:16:33.000Z,"The miles may not get easier, but you get stronger just for showing up.",2047726401663688746,,,en,官方回应帖,FALSE,FALSE,FALSE,2,0,0,brand_story,official_post,0
2047781367614943293,@lululemon,2026-04-24T20:54:58.000Z,We'd love to point you in the right direction. Send us a private message to chat more.,2047781367614943293,,,en,官方回应帖,FALSE,FALSE,FALSE,0,0,0,customer_service,official_post,0
2048788097194987656,@lululemon,2026-04-27T15:35:21.000Z,"We understand you're looking for some support with your Membership status, and we'd love to lend a hand. Please send a private message our way with your full name, email address, and phone number.",2048788097194987656,,,en,官方回应帖,FALSE,FALSE,FALSE,2,0,0,customer_service,official_post,0
2048828903897420127,@lululemon,2026-04-27T18:17:30.000Z,"We understand your experience was less than ideal, and we'd love to learn more. If you're comfortable, please send us a private message, with your full name, email and order ID, and we'd love to continue the conversation there.",2048828903897420127,,@ur_itguy,en,官方回应帖,TRUE,FALSE,FALSE,1,0,0,customer_service,official_post,0
2048888492546256950,@lululemon,2026-04-27T22:14:17.000Z,"Your experience means the world to us, but actions speak louder than words—we're happy to hear we were able to turn this around for you.",2048888492546256950,,@ur_itguy,en,官方回应帖,TRUE,FALSE,FALSE,1,0,0,customer_service,official_post,0
2049563945242075461,@lululemon,2026-04-29T18:58:18.000Z,"This is not the experience we want you to have. When you have a moment, please send us a private message with your full name, email, and order ID, so we can dig into this further. https://x.com/messages/compose?recipient_id=16252784….",2049563945242075461,,,en,官方回应帖,FALSE,FALSE,FALSE,0,0,0,customer_service,official_post,0
2049574418943500342,@lululemon,2026-04-29T19:39:55.000Z,"The good news is, we have a variety of leggings that come with pockets. If you're curious to learn more, feel free to send us a PM, so we can support further.",2049574418943500342,,,en,官方回应帖,FALSE,FALSE,FALSE,0,0,0,customer_service,official_post,0
2049820734567137641,@lululemon,2026-04-30T11:58:41.000Z,We take pride in the quality of our gear. Feel free to send us a DM so we can dig into this for you.,2049820734567137641,,,en,官方回应帖,FALSE,FALSE,FALSE,1,0,0,customer_service,official_post,0
2050211234583302649,@lululemon,2026-05-01T13:50:24.000Z,We love this feedback and we’ll be sure to pass it along to our Design team. Stay tuned to our website or app for all the latest new arrivals and restocks.,2050211234583302649,,,en,官方回应帖,FALSE,FALSE,FALSE,0,1,0,customer_service,official_post,0
2051811728489656321,@lululemon,2026-05-05T23:50:11.000Z,Name a better combo.,2051811728489656321,,,en,官方回应帖,FALSE,FALSE,FALSE,2,1,0,community_engagement,official_post,0
2051846226782670877,@lululemon,2026-05-06T02:07:16.000Z,"Our Design team likes to keep us guessing when it comes to new gear, so be sure to sign up for our product emails to stay in the know.",2051846226782670877,,@shaneborek,en,官方回应帖,TRUE,FALSE,FALSE,0,0,0,product_promotion,official_post,0
2052081644551688254,@lululemon,2026-05-06T17:42:44.000Z,"You're correct—our Always In Motion Boxer Brief 3"" is made with our weightless Nulu fabric. You're welcome to send us a DM should any additional questions arise.",2052081644551688254,,@Jaylaxdior,en,官方回应帖,TRUE,FALSE,FALSE,1,0,0,customer_service,official_post,0
2052122679327797595,@lululemon,2026-05-06T20:25:48.000Z,We'd love to support further with this—please slide into our DMs for more support.,2052122679327797595,,,en,官方回应帖,FALSE,FALSE,FALSE,0,0,0,customer_service,official_post,0
2052349505279033458,@lululemon,2026-05-07T11:27:07.000Z,"Thanks so much for flagging this jacket with us. We'd love to take a closer look for you and see how we can support. When you have a moment, please send a private message our way with your full name, email address, and order ID.",2052349505279033458,,@TheMCG,en,官方回应帖,TRUE,FALSE,FALSE,1,1,0,customer_service,official_post,0
2052448639587631514,@lululemon,2026-05-07T18:01:02.000Z,"Your great ideas make us better. While we don't have the details on whether a 6 inch inseam running tight is in the works, be sure to turn on your product notifications to be the first to know: https://shop.lululemon.com/help/account/email-signup….",2052448639587631514,,,en,官方回应帖,FALSE,FALSE,FALSE,0,1,0,customer_service,official_post,0
2052786840655286611,@lululemon,2026-05-08T16:24:56.000Z,We hear you and would love connect and chat about our bulk purchase approach—please feel free to send a private message our way.,2052786840655286611,,,en,官方回应帖,FALSE,FALSE,FALSE,0,0,0,customer_service,official_post,0
2052821224309522503,@lululemon,2026-05-08T18:41:34.000Z,"We hear you're waiting on an order, and we're committed to getting your gear to you within our shipping timelines of 2-6 business days. If you're looking for additional support, please send us a DM with your order number, full name, and email address:",2052821224309522503,,,en,官方回应帖,FALSE,FALSE,FALSE,0,0,0,customer_service,official_post,0
2052939597462835357,@lululemon,2026-05-09T02:31:56.000Z,"This isn't the experience we want—feel free to message us with your order number, full name, and email so we can help.",2052939597462835357,,"[""@Alltheballsbets""]",en,A-整体讨论,TRUE,FALSE,FALSE,0,1,0,customer_service,official_post,0
2053885968370028715,@lululemon,2026-05-11T17:12:28.000Z,"While we're unsure which bomber style has caught your attention, you can take a peek at what's currently available on our website: https://shop.lululemon.com/en-ca/search?Ntt=bomber… or please send us a DM for more support.",2053885968370028715,,,en,官方回应帖,FALSE,FALSE,FALSE,0,0,0,other,official_post,0
2053891500606619838,@lululemon,2026-05-11T17:34:27.000Z,Sea you in August.,2053891500606619838,,@bonniewyrick132,en,官方回应帖,TRUE,FALSE,FALSE,0,0,0,community_engagement,official_post,0
2053894861091450990,@lululemon,2026-05-11T17:47:49.000Z,"We appreciate your curiosity—our Always In Motion Boxers are made with Modal fabric. We understand there may have been an error on the product information page for our 3"" boxer briefs and have flagged this with the appropriate team to be updated.",2053894861091450990,,@Jaylaxdior,en,官方回应帖,TRUE,FALSE,FALSE,0,0,0,customer_service,official_post,0
2055670395626525088,@lululemon,2026-05-16T15:23:09.000Z,Our Design team loves a surprise—stay tuned on our app or website for all the latest arrivals dropping weekly.,2055670395626525088,,,en,官方回应帖,FALSE,FALSE,FALSE,0,1,0,product_promotion,official_post,0
2056363673699188811,@lululemon,2026-05-18T13:17:59.000Z,"We understand that you're experiencing a hiccup with shopping from our Canadian website, and we'd love to look into what may be happening.. Please send us a private message so we can continue the conversation there.",2056363673699188811,,,en,官方回应帖,FALSE,FALSE,FALSE,0,0,0,customer_service,official_post,0
2056455293975122042,@lululemon,2026-05-18T19:22:03.000Z,"That’s certainly not what we like to hear. While the fastest way to have it removed is to swing by your local store, we're also happy to support here. If going in-person isn't ideal, please private message us your order ID, full name, and email address.",2056455293975122042,,,en,官方回应帖,FALSE,FALSE,FALSE,0,0,0,customer_service,official_post,0
2056499331696668784,@lululemon,2026-05-18T22:17:03.000Z,"We want all online orders to be seamless and easy. Delayed packages due to shipping issues are less than ideal, send us a PM with your order ID, full name, and email address so that we can lend a hand.",2056499331696668784,,@peytonhanko,en,官方回应帖,TRUE,FALSE,FALSE,1,0,0,customer_service,official_post,0
2057221021636387224,@lululemon,2026-05-20T22:04:47.000Z,"This is not what we like to hear. Feel free to send us a private message with your full name, order ID, and email address, so we can dig into this.",2057221021636387224,,@Ms01251977,en,官方回应帖,TRUE,FALSE,FALSE,1,0,0,customer_service,official_post,0
2059068063555928489,@lululemon,2026-05-26T00:24:16.000Z,A fraying drawstring isn't something we'd like to see—send us a PM so we can continue the conversation.,2059068063555928489,,,en,官方回应帖,FALSE,FALSE,FALSE,0,0,0,customer_service,official_post,0
2059768781686423997,@lululemon,2026-05-27T22:48:40.000Z,Hang in there—our team loves to surprise us.,2059768781686423997,,,en,官方回应帖,FALSE,FALSE,FALSE,0,0,0,community_engagement,official_post,0
2061228405283230084,@lululemon,2026-05-31T23:28:42.000Z,"Thanks for circling back here, Anubhav. You're more than welcome to send us a PM on X, so we can support with any product questions you may have.",2061228405283230084,,,en,官方回应帖,FALSE,FALSE,FALSE,1,0,0,customer_service,official_post,0
2061893246222262328,@lululemon,2026-06-02T19:30:32.000Z,A dark gray set—we see the vision. We’ll share this with our Design team. Stay tuned on our website and app.,2061893246222262328,,,en,官方回应帖,FALSE,FALSE,FALSE,0,1,0,customer_service,official_post,0
2061964005812650457,@lululemon,2026-06-03T00:11:43.000Z,"We'd be happy to look into this and support further, please send us a private message with the order number, full name on the order, and your email address.",2061964005812650457,,,en,官方回应帖,FALSE,FALSE,FALSE,0,0,0,customer_service,official_post,0
2062855984205451718,@lululemon,2026-06-05T11:16:07.000Z,"We hear you're missing your order and we'd be happy to take a closer look into this—please send us a private message with your name, email address, and order number, so we can dig into this:",2062855984205451718,,,en,官方回应帖,FALSE,FALSE,FALSE,0,0,0,customer_service,official_post,0
2063027573903524157,@lululemon,2026-06-05T22:37:57.000Z,Heard and noted. We love a good style comeback.,2063027573903524157,,,en,官方回应帖,FALSE,FALSE,FALSE,1,1,0,community_engagement,official_post,0
2063251363845607852,@lululemon,2026-06-06T13:27:13.000Z,"We appreciate this great feedback about pockets on our gear. We'll pass this along to our Design team. If you'd like to chat more product or any recommendations, feel free to send us a private message:",2063251363845607852,,,en,官方回应帖,FALSE,FALSE,FALSE,0,0,0,customer_service,official_post,0
2064476923456315729,@lululemon,2026-06-09T22:37:09.000Z,"We understand your most recent order was cancelled, and we'd love to dig into this for you. When you have a moment, please send us a private message with your full name, email address, and order ID.",2064476923456315729,,,en,官方回应帖,FALSE,FALSE,FALSE,0,0,0,customer_service,official_post,0
2064830393262764442,@lululemon,2026-06-10T22:01:43.000Z,"I know there's lots of love for this jacket, but our Design team likes to keep us on our toes—stay tuned on our app or website for the latest arrivals.",2064830393262764442,,,en,官方回应帖,FALSE,FALSE,FALSE,0,1,0,other,official_post,0
2065768477399629908,@lululemon,2026-06-13T12:09:19.000Z,Strength and sunshine—our favourite combo.,2065768477399629908,,,en,官方回应帖,FALSE,FALSE,FALSE,3,1,0,brand_story,official_post,0
2067236653203411057,@lululemon,2026-06-17T13:23:20.000Z,Nous comprenons que vous n’avez pas encore reçu votre commande et nous aimerions examiner le tout de plus près. N’hésitez pas à nous envoyer un message privé afin de poursuivre la discussion: https://x.com/messages/compose?recipient_id=16252784….,2067236653203411057,,@oumhi__,fr,官方回应帖,TRUE,FALSE,FALSE,0,0,0,customer_service,official_post,0
2067275641150681508,@lululemon,2026-06-17T15:58:15.000Z,"We began the process of making our sizing more inclusive three years ago and consider sizing one of the ways we meet the evolving needs of our guests. We’ve been working to improve our size range, but our work still isn’t done. We'll pass this feedback along to our Design team.",2067275641150681508,,,en,官方回应帖,FALSE,FALSE,FALSE,1,1,0,customer_service,official_post,0
2067276587939368994,@lululemon,2026-06-17T16:02:01.000Z,"We'd love to lend a hand with your Quality Promise issue. When you get a chance, please private message us here with all the details—including your full name, email address, where you purchased your items, and where you're currently located.",2067276587939368994,,,en,官方回应帖,FALSE,FALSE,FALSE,0,0,0,customer_service,official_post,0
2067410498375840174,@lululemon,2026-06-18T00:54:08.000Z,"It looks like we've missed the mark, and we appreciate you for flagging this with us. When you get a chance, feel free to send us a private message with your full name, email address, and order ID. Once we have this information, we'll be happy to support with next steps.",2067410498375840174,,,en,官方回应帖,FALSE,FALSE,FALSE,1,0,0,customer_service,official_post,0
2067949558609678439,@lululemon,2026-06-19T12:36:10.000Z,"We strive to provide the best online ordering experience, and your experience doesn't sit well with us. Please send us a private message with your name, email address, and order number, so we can dig into this:",2067949558609678439,,,en,官方回应帖,FALSE,FALSE,FALSE,0,0,0,customer_service,official_post,0
2069140907170128255,@lululemon,2026-06-22T19:30:09.000Z,"This isn't what we like to hear. Feel free to send us a direct message, Mariana, and we'd be happy to support where we can.",2069140907170128255,,,en,官方回应帖,FALSE,FALSE,FALSE,0,0,0,customer_service,official_post,0
2069503837527023934,@lululemon,2026-06-23T19:32:19.000Z,Traveling in maximum comfort and confidence.,2069503837527023934,,,en,官方回应帖,FALSE,FALSE,FALSE,3,0,0,product_promotion,official_post,0
2069847253163110646,@lululemon,2026-06-24T18:16:55.000Z,Our feelings are mutual!,2069847253163110646,,,en,官方回应帖,FALSE,FALSE,FALSE,3,1,1,community_engagement,official_post,0
2070156583158665242,@lululemon,2026-06-25T14:46:05.000Z,"Thanks for reaching out. We'd be happy to take a closer look into this for you. When you have the chance, feel free to send us a DM.",2070156583158665242,,,en,官方回应帖,FALSE,FALSE,FALSE,0,0,0,customer_service,official_post,0
2070207091516883036,@lululemon,2026-06-25T18:06:47.000Z,"This isn't the experience we want you to have. We'd love to learn more and take a closer look—please send us a DM with your full name, email address, and phone number, and we'll keep an eye out for your message.",2070207091516883036,,,en,官方回应帖,FALSE,FALSE,FALSE,0,1,0,customer_service,official_post,0
2070980854730678461,@lululemon,2026-06-27T21:21:27.000Z,Thanks for letting us know. We see your message in our inbox and will be replying shortly.,2070980854730678461,,,en,官方回应帖,FALSE,FALSE,FALSE,0,0,0,customer_service,official_post,0
2071377359329235067,@lululemon,2026-06-28T23:37:01.000Z,We are thrilled to announce that hemming is offered free of charge to lululemon loyalty program members. Send us a private message for more details.,2071377359329235067,,,en,官方回应帖,FALSE,FALSE,FALSE,2,0,0,customer_service,official_post,0
2071603401117614416,@lululemon,2026-06-29T14:35:14.000Z,"We understand you're looking for some support with your Mirror, you can reach out to our Studio team who will be able to support you further. Follow this link for their contact information: https://mirror.kustomer.help/contact/contact-us-r186OoIXY…. If any questions come up, we're just a private message away.",2071603401117614416,,,en,官方回应帖,FALSE,FALSE,FALSE,1,0,0,customer_service,official_post,0
2073118056730226730,@lululemon,2026-07-03T18:53:56.000Z,"We hear you're experiencing an issue with billing on an order and we'd be happy to take a further look. If you're looking for additional support, please send us a DM with your order number, full name, and email address:",2073118056730226730,,,en,官方回应帖,FALSE,FALSE,FALSE,0,0,0,customer_service,official_post,0
2073155391291269576,@lululemon,2026-07-03T21:22:17.000Z,"Let's get this sorted out together. When you get a chance, feel free to send us a DM with your full name, email address, and phone number. Once we have this information, we'll be happy to support you with next steps.",2073155391291269576,,,en,官方回应帖,FALSE,FALSE,FALSE,1,1,0,customer_service,official_post,0
2073223982594376063,@lululemon,2026-07-04T01:54:50.000Z,"Thanks for bringing this to our attention. So we can have a clearer understanding to share with the right teams, please feel free to send a private message to our inbox with any additional details.",2073223982594376063,,,en,官方回应帖,FALSE,FALSE,FALSE,0,1,0,customer_service,official_post,0
2074225727504085443,@lululemon,2026-07-06T20:15:25.000Z,"We hear you, Ashley. To learn more about our quality promise, head to our website: https://shop.lululemon.com/en-ca/help/quality-promise…. We'd also be happy to chat about this further, and take a closer look into how we can best support. Feel free to send a PM our way at any time to continue the conversation.",2074225727504085443,,,en,官方回应帖,FALSE,FALSE,FALSE,1,0,0,customer_service,official_post,1
2074823922974171196,@lululemon,2026-07-08T11:52:26.000Z,"We hear you've been patiently waiting for your order and tracking updates. Please send us a private message with your name, email address, and order number, so we can look into this further:",2074823922974171196,,,en,官方回应帖,FALSE,FALSE,FALSE,0,0,0,customer_service,official_post,0
2074982988098798055,@lululemon,2026-07-08T22:24:30.000Z,"We hear you're waiting for the remaining part of your order to arrive. When you have a moment, please send us a private message with your full name on the order, email address, and order number so that we can look into this further: https://x.com/messages/compose?recipient_id=16252784….",2074982988098798055,,,en,官方回应帖,FALSE,FALSE,FALSE,0,0,0,customer_service,official_post,0
2075619020527853942,@lululemon,2026-07-10T16:31:52.000Z,Thank you for taking the time to share your most recent in-store experience. We would love for you to send us a DM on Instagram or a private message on Facebook so that we can take a look into this for you.,2075619020527853942,,,en,官方回应帖,FALSE,FALSE,FALSE,0,0,0,customer_service,official_post,0
2076420002257993773,@lululemon,2026-07-12T21:34:41.000Z,"I appreciate you circling back to flag that, Christina. Are you able to send a screenshot of what you're seeing along with any error messages you're receiving? Chat soon, -Jawa",2076420002257993773,,,en,官方回应帖,FALSE,FALSE,FALSE,0,0,0,customer_service,official_post,0
2076708258509922512,@lululemon,2026-07-13T16:40:06.000Z,"It's never ideal when an order doesn't arrive on time, and we'd love to chat more. Send us a DM and we'll take a look into this for you.",2076708258509922512,,@austinfpowers,en,官方回应帖,TRUE,FALSE,FALSE,0,1,0,customer_service,official_post,0
2077143278571729002,@lululemon,2026-07-14T21:28:43.000Z,We're glad your package made its way to its forever home. The Heavyweight Classic-Fit Cotton T-Shirt is a classic—be sure to stay tuned on our website or app to be the first to know when it'll return.,2077143278571729002,,,en,官方回应帖,FALSE,FALSE,FALSE,0,0,0,customer_service,official_post,0
2077363000701485155,@lululemon,2026-07-15T12:01:49.000Z,We understand you're experiencing issues shopping on our website and we'd love to guide you in the right direction. Please send us a private message and we'll continue the conversation there.,2077363000701485155,,,en,官方回应帖,FALSE,FALSE,FALSE,0,0,0,customer_service,official_post,0
2077562644991726006,@lululemon,2026-07-16T01:15:08.000Z,Thanks for flagging this order issue with us. We've just sent a response to your private message and will watch out for a reply.,2077562644991726006,,,en,官方回应帖,FALSE,FALSE,FALSE,0,0,0,customer_service,official_post,0
2077827294685749630,@lululemon,2026-07-16T18:46:45.000Z,"We hear you're having some trouble with your account, and we'd love to lend a hand. Please feel free to send us a PM so we can take a closer look.",2077827294685749630,,,en,官方回应帖,FALSE,FALSE,FALSE,1,1,0,customer_service,official_post,0
2077866638280733069,@lululemon,2026-07-16T21:23:06.000Z,"We'd be happy to look into this experience for you—feel free to send us a DM via Instagram with your full name, email address and order details.",2077866638280733069,,,en,官方回应帖,FALSE,FALSE,FALSE,0,1,0,customer_service,official_post,0
2078898332932690391,@lululemon,2026-07-19T17:42:41.000Z,"We hear you're having issues with your bag, and we'd love to dig into this. When you have a moment, feel free to send us a private message, we'd love to continue the conversation with you there.",2078898332932690391,,@khukoo1,en,官方回应帖,TRUE,FALSE,FALSE,1,0,0,customer_service,official_post,0
2078964394088882398,@lululemon,2026-07-19T22:05:11.000Z,We understand you're having an issue reaching our website. Please send a private message to our inbox so we can chat further to learn more: https://x.com/messages/compose?recipient_id=16252784….,2078964394088882398,,,en,官方回应帖,FALSE,FALSE,FALSE,0,0,0,customer_service,official_post,0
2078966234788598253,@lululemon,2026-07-19T22:12:30.000Z,"This isn't the experience we aim for and we'd love to learn more. Whenever you have a moment, please message us so we can continue the conversation: https://x.com/messages/compose?recipient_id=16252784….",2078966234788598253,,@rishadagoat,en,官方回应帖,TRUE,FALSE,FALSE,0,0,0,customer_service,official_post,0
2079751279807771069,@lululemon,2026-07-22T02:11:59.000Z,"Thanks for reaching out. Feel free to send us a DM, and we'd be happy to chat more.",2079751279807771069,,,en,官方回应帖,FALSE,FALSE,FALSE,0,0,0,customer_service,official_post,0
2080385204389396530,@lululemon,2026-07-23T20:10:59.000Z,Sometimes you just need a reminder to be present in your body.,2080385204389396530,,,en,官方回应帖,FALSE,FALSE,FALSE,1,0,0,brand_story,official_post,0
2081704577318125762,@lululemon,2026-07-27T11:33:42.000Z,"A lost package isn't what we like to see. Feel free to send us a PM with your full name, email address, and order ID so we can support further.",2081704577318125762,,,en,官方回应帖,FALSE,FALSE,FALSE,1,0,0,customer_service,official_post,0
2082880393058074869,@lululemon,2026-07-30T17:25:58.000Z,"The UK site can only be shopped with a UK shipping address, so unfortunately orders can't be shipped directly to the US. We'd recommend keeping tabs on the US site for availability.",2082880393058074869,,,en,官方回应帖,FALSE,FALSE,FALSE,0,0,0,customer_service,official_post,0
2083223015572246849,@lululemon,2026-07-31T16:07:25.000Z,"This is not the experience we want you to have and want to learn more. When you have a moment, please sent us a private message so that we can look into this further:",2083223015572246849,,,en,官方回应帖,FALSE,FALSE,FALSE,0,0,0,customer_service,official_post,0
2083258721380299248,@lululemon,2026-07-31T18:29:18.000Z,"There's nothing more inspiring than breathing through the flow, with an ocean view— together.",2083258721380299248,,,en,官方回应帖,FALSE,FALSE,FALSE,0,0,0,brand_story,official_post,0
2083360038350209192,@lululemon,2026-08-01T01:11:54.000Z,"We understand you're having some trouble logging in to an account. Whenever you have a moment, can you please send us a private message with a screenshot of what you're experiencing?",2083360038350209192,,,en,官方回应帖,FALSE,FALSE,FALSE,0,0,0,customer_service,official_post,0
2083707102149972087,@lululemon,2026-08-02T00:11:01.000Z,"We hear you're hoping for information on hemming, and would love to lend a hand. Feel free to send a dm our way anytime to continue the conversation.",2083707102149972087,,,en,官方回应帖,FALSE,FALSE,FALSE,1,0,0,customer_service,official_post,0
2084055551215120708,@lululemon,2026-08-02T23:15:37.000Z,"Your package being lost isn't what we want for you. When you have a moment, please send us a PM with your full name, email address, and order ID, so we can support further.",2084055551215120708,,,en,官方回应帖,FALSE,FALSE,FALSE,0,1,0,customer_service,official_post,0
2084238370914603471,@lululemon,2026-08-03T11:22:05.000Z,"We understand you have some questions about a recent order you placed, and we'd love to take a further look. When you have a moment please send us a direct message, we'll be happy to look into this.",2084238370914603471,,,en,官方回应帖,FALSE,FALSE,FALSE,0,0,0,customer_service,official_post,0
2085408056607940876,@lululemon,2026-08-06T16:50:00.000Z,"We understand you're waiting on an update for a request. We'd be happy to take a look on our end. Please send us a private message with your name, email address, and order number, so we can dig into this:",2085408056607940876,,,en,官方回应帖,FALSE,FALSE,FALSE,0,0,0,customer_service,official_post,0
